ranking,entity,entity_just_name,entity_category,amount_staked,amount_staked_broken_down,validators,marketshare,ow_change,om_change,sm_change,earned_rewards,last_deposit,last_withdrawal
1,<a href='https://x.com/LidoFinance' target='_blank'>Lido</a>,Lido,Liquid Staking,8921087.207945557,8921087.207945557,278783.97524829867,0.23282063783065646,-0.005,-0.033,0.046,1014110.5407793426," 2026-01-26 "," 2026-03-22 "
2,<a href='https://x.com/binance' target='_blank'>Binance</a>,Binance,CEXs,3329296.423597868,3329296.423597868,104040.51323743338,0.08688727044154565,0,0,0.012,259941.1493269733," 2026-01-12 "," 2026-02-18 "
3,<a href='https://x.com/ether_fi' target='_blank'>ether.fi</a>,ether.fi,Liquid Restaking,2310905.317778566,2310905.317778566,72215.79118058019,0.06030951581464968,0,-0.033,0.1,101946.50107044456," 2026-01-25 "," 2026-03-07 "
4,<a href='https://x.com/coinbase' target='_blank'>Coinbase</a>,Coinbase,CEXs,1782767.545011696,1782767.545011696,55711.4857816155,0.04652628847342052,0.001,-0.01,-0.28,448804.02629298175," 2026-03-23 "," 2026-03-22 "
5,<a href='https://x.com/Figment_io' target='_blank'>Figment</a>,Figment,Staking Pools,1453888.015196235,1453888.015196235,45434.00047488234,0.03794326040562122,-0.015,-0.029,-0.033,102634.23324519857," 2026-01-26 "," 2026-03-23 "
6,<a href='https://x.com/krakenfx' target='_blank'>Kraken</a>,Kraken,CEXs,1391970.1114686478,1391970.1114686478,43499.065983395245,0.03632734011440888,-0.004,-0.022,0.088,193290.28029957734," 2026-01-26 "," 2026-03-17 "
7,<a href='https://x.com/BlockdaemonHQ' target='_blank'>Blockdaemon</a>,Blockdaemon,Staking Pools,989248.3687742599,989248.3687742599,30914.011524195623,0.025817193669604267,0,-0,0.389,37892.76995782106," 2026-01-26 "," 2026-03-16 "
8,<a href='https://x.com/everstake_pool' target='_blank'>Everstake</a>,Everstake,Staking Pools,703840,703840,21995,0.018368666723129885,0,-0.003,0.024,34348.86574846094," 2026-01-26 "," 2026-03-06 "
9,<a href='https://x.com/Kiln_finance' target='_blank'>Kiln</a>,Kiln,Staking Pools,634478.9776694282,634478.9776694282,19827.468052169632,0.01655849750460601,-0.01,-0.011,-0.604,81052.07736710679," 2026-01-26 "," 2026-03-22 "
10,<a href='https://x.com/Rocket_Pool' target='_blank'>Rocket Pool</a>,Rocket Pool,Liquid Staking,486237.5242329301,486237.5242329301,15194.922632279066,0.012689723560630944,-0.002,-0.027,-0.22,70319.3031996972," 2026-01-15 "," 2026-03-23 "
11,<a href='https://x.com/upbitglobal' target='_blank'>Upbit</a>,Upbit,CEXs,435168,435168,13599,0.01135692197171372,-0,-0,0.137,33740.01481564892," 2026-01-26 "," 2026-03-23 "
12,<a href='https://x.com/BitcoinSuisseAG' target='_blank'>Bitcoin Suisse</a>,Bitcoin Suisse,CEXs,430263.85229145305,430263.85229145305,13445.745384107908,0.011228934567162544,0,-0.002,-0.044,73756.23777861317," 2025-12-30 "," 2026-03-09 "
13,<a href='https://x.com/okx' target='_blank'>OKX</a>,OKX,CEXs,405634.122276626,405634.122276626,12676.066321144563,0.010586153108133465,0,-0.039,-0.327,44305.891930078884," 2026-01-26 "," 2026-03-16 "
14,<a href='https://x.com/stakewise_io' target='_blank'>StakeWise</a>,StakeWise,Staking Pools,351552.130628507,351552.130628507,10986.004082140844,0.009174732784896094,-0.004,-0.011,0.116,12308.211675866962," 2026-03-17 "," 2026-03-22 "
15,<a href='https://x.com/P2Pvalidator' target='_blank'>P2P.org</a>,P2P.org,Staking Pools,324932.68617649097,324932.68617649097,10154.146443015343,0.008480024181386842,-0.002,-0.035,0.497,25034.07977583802," 2026-01-26 "," 2026-03-19 "
16,<a href='https://x.com/stakefish' target='_blank'>stakefish</a>,stakefish,Staking Pools,291017.80452654,291017.80452654,9094.306391454375,0.007594920808486265,0,-0.001,-0.19,58427.48896692309," 2026-01-25 "," 2026-03-13 "
17,<a href='https://x.com/liquid_col' target='_blank'>Liquid Collective</a>,Liquid Collective,Liquid Staking,265728.287525154,265728.287525154,8304.008985161063,0.0069349203689156435,0,-0.048,-0.268,10663.89508534003," 2026-01-26 "," 2026-02-28 "
18,<a href='https://x.com/DARMACapital' target='_blank'>DARMA Capital</a>,DARMA Capital,Staking Pools,234528,234528,7329,0.006120661896513704,0,-0.02,-0.02,54453.09029705102," 2022-12-05 "," 2026-03-11 "
19,<a href='https://x.com/0xMantle' target='_blank'>Mantle</a>,Mantle,Staking Pools,214720,214720,6710,0.005603716922582474,0,0,-0.159,23583.457471452944," 2026-01-22 "," 2026-01-01 "
20,<a href='https://x.com/Bitstamp' target='_blank'>Bitstamp</a>,Bitstamp,CEXs,190208.17967872,190208.17967872,5944.00561496,0.004964012645674604,-0.001,-0.01,-0.078,18137.953011024016," 2026-01-26 "," 2026-03-21 "
21,<a href='https://x.com/RenzoProtocol' target='_blank'>Renzo</a>,Renzo,Liquid Restaking,190017.252523127,190017.252523127,5938.039141347719,0.004959029869348334,0,0,0.076,17618.078687859044," 2026-01-23 "," 2026-02-20 "
22,<a href='https://x.com/KelpDAO' target='_blank'>Kelp DAO</a>,Kelp DAO,Liquid Restaking,149120.500123027,149120.500123027,4660.015628844594,0.0038917151175641225,0,0,0.046,7352.191636709007," 2025-12-29 "," 2026-02-21 "
23,<a href='https://x.com/coinspotau' target='_blank'>CoinSpot</a>,CoinSpot,CEXs,137664,137664,4302,0.003592725812362117,0,0,0,15344.371214293016," 2023-07-19 "," 2023-07-19 "
24,<a href='https://x.com/staderlabs' target='_blank'>Stader</a>,Stader,Liquid Staking,137475.734366207,137475.734366207,4296.116698943969,0.003587812495866092,0,-0.003,-0.125,8779.745270841002," 2025-11-29 "," 2026-02-27 "
25,<a href='https://x.com/divastaking' target='_blank'>Diva (Pre-launch)</a>,Diva (Pre-launch),Liquid Staking,133484.49746982686,133484.49746982686,4171.3905459320895,0.003483650043657257,0,0,0,0," 2026-03-19 ",Never
,↘️ Golem Foundation (w/ <a href='https://x.com/OctantApp' target='_blank'>Octant</a>),Golem Foundation,Staking Pools,0,100352,3136,0.002618965166798611,0,0,0,7286.74574038001," 2024-02-02 "," 2023-07-28 "
26,<a href='https://x.com/OctantApp' target='_blank'>Octant</a>,Octant,Staking Pools,100352,100352,3136,0.002618965166798605,0,0,0,7286.745740380006," 2024-02-02 "," 2023-07-28 "
27,<a href='https://x.com/Consensys' target='_blank'>Consensys</a>,Consensys,Staking Pools,97856,97856,3058,0.0025538250893080783,0,-0.059,-0.001,6058.332017955004," 2026-01-26 "," 2026-03-09 "
28,<a href='https://x.com/RevolutApp' target='_blank'>Revolut</a>,Revolut,CEXs,61920,61920,1935,0.0016159749992842158,-0.016,-0.051,0.019,4191.840560076001," 2026-01-26 "," 2026-03-16 "
29,<a href='https://x.com/fraxfinance' target='_blank'>Frax Finance</a>,Frax Finance,Liquid Staking,56320,56320,1760,0.0014698273895298293,0,0,-0.337,13303.892903622997," 2025-06-15 "," 2026-02-15 "
30,<a href='https://x.com/imTokenOfficial' target='_blank'>imToken</a>,imToken,Staking Pools,55936,55936,1748,0.0014598058391466714,-0.001,-0.001,-0.229,6768.283836361," 2026-01-16 "," 2026-03-18 "
31,<a href='https://x.com/gate_io' target='_blank'>Gate.io</a>,Gate.io,CEXs,54816.131129146,54816.131129146,1713.0040977858125,0.0014305797393763756,0,0,0,8328.220809296014," 2025-07-29 "," 2024-11-30 "
32,<a href='https://x.com/bitfinex' target='_blank'>Bitfinex</a>,Bitfinex,CEXs,52098.937372527995,52098.937372527995,1628.0917928914998,0.0013596669942390071,-0,-0,-0,5099.156918254001," 2025-03-05 "," 2025-04-20 "
33,Cluster 0x82df,Cluster 0x82df,Unidentified,49376,49376,1543,0.00128860435343439,0,0,0,8914.336745350987," 2024-05-23 ",Never
34,<a href='https://x.com/XHash_com' target='_blank'>XHash</a>,XHash,CEXs,41056.113771322,41056.113771322,1283.0035553538125,0.0010714737309790818,-0.008,-0.008,-0.008,3024.9437787299976," 2025-08-20 "," 2026-03-21 "
35,<a href='https://x.com/stakedTokens' target='_blank'>StakeHound</a>,StakeHound,Liquid Staking,37504,37504,1172,0.000978771420755091,0,0,0,449.5317987520002," 2023-05-11 "," 2023-12-19 "
36,<a href='https://x.com/myetherwallet' target='_blank'>MyEtherWallet</a>,MyEtherWallet,Staking Pools,35075.352852756994,35075.352852756994,1096.104776648656,0.0009153891037003811,0,-0.003,-0.095,9135.889677223993," 2025-12-28 "," 2026-03-11 "
37,<a href='https://x.com/puffer_finance' target='_blank'>Puffer Finance</a>,Puffer Finance,Liquid Restaking,28740.620318201996,28740.620318201996,898.1443849438124,0.000750066600422067,-0,-0,-0.09,3812.787938394005," 2025-10-28 "," 2026-02-17 "
38,<a href='https://x.com/bitgetglobal' target='_blank'>Bitget</a>,Bitget,CEXs,27072,27072,846,0.0007065193020126338,0,0,0.005,1088.3878704349995," 2026-01-26 "," 2025-12-24 "
39,GMO Coin,GMO Coin,CEXs,21280,21280,665,0.0005553609170666684,0,0,1.111,12.570298691999996," 2025-10-25 "," 2023-05-25 "
40,<a href='https://x.com/kucoincom' target='_blank'>KuCoin</a>,KuCoin,CEXs,20000,20000,625,0.0005219557491228087,0,0,-0.244,4943.5003754360005," 2022-10-12 "," 2026-01-20 "
41,<a href='https://x.com/rockx_official' target='_blank'>RockX</a>,RockX,Staking Pools,18881,18881,590.03125,0.0004927523249593876,0,-0.002,-0.095,2699.9322502889977," 2026-01-08 "," 2026-03-02 "
42,<a href='https://x.com/swellnetworkio' target='_blank'>Swell</a>,Swell,Liquid Restaking,18304.765388192,18304.765388192,572.023918381,0.00047771387653555085,-0.012,-0.024,-0.215,8154.485994608011," 2025-10-29 "," 2026-03-22 "
43,<a href='https://x.com/MercadoBitcoin' target='_blank'>Mercado Bitcoin</a>,Mercado Bitcoin,CEXs,17888,17888,559,0.0004668372220154401,0,0,-0.068,1243.616570926," 2025-03-16 "," 2026-01-14 "
44,<a href='https://x.com/WEXnz' target='_blank'>WEX Exchange</a>,WEX Exchange,CEXs,16000,16000,500,0.000417564599298247,0,0,0,3674.320595584997," 2020-11-14 ",Never
45,<a href='https://x.com/originprotocol' target='_blank'>Origin Protocol</a>,Origin Protocol,Staking Pools,15520,15520,485,0.0004050376613192996,0,0,-0.03,945.6122672960003," 2024-11-11 "," 2026-01-23 "
,↘️ <a href='https://x.com/Bitpanda_global' target='_blank'>Bitpanda</a> (w/ <a href='https://x.com/Kiln_finance' target='_blank'>Kiln</a>),Bitpanda,CEXs,0,13360,417.5,0.000348666440414037,-0.003,-0.003,-0.919,9707.722313407012," 2025-11-06 "," 2025-10-28 "
46,<a href='https://x.com/etherscan.io/address/0xc372d454835ac654d43b99c7789cc1c32f364237' target='_blank'>Cluster 0xc372</a>,Cluster 0xc372,Unidentified,11968,11968,374,0.00031233832027508873,0,0,0,1842.4902439239986," 2021-11-05 ",Never
47,CoinEx,CoinEx,CEXs,9952,9952,311,0.0002597251807635096,0,0,0,329.31518385600003," 2025-07-11 "," 2025-09-18 "
48,<a href='https://x.com/ankr' target='_blank'>Stkr (Ankr)</a>,Stkr (Ankr),Liquid Staking,8908.478085744997,8908.478085744997,278.38994017953115,0.00023249156763945774,-0,-0.004,-0.103,7420.308616457996," 2025-11-05 "," 2026-03-11 "
49,<a href='https://x.com/swellnetworkio' target='_blank'>Swell (Pre-launch)</a>,Swell (Pre-launch),Liquid Staking,7723.319050789183,7723.319050789183,241.35372033716197,0.00020156153904345639,0,0,0,0," 2026-02-19 ",Never
50,was.eth,was.eth,Solo Stakers,7690,7690,240.3125,0.00020069198553771995,0,0,0,1561.174417220001," 2024-10-22 "," 2025-09-06 "
51,<a href='https://x.com/VitalikButerin' target='_blank'>Vitalik Buterin</a>,Vitalik Buterin,Solo Stakers,6976,6976,218,0.00018205816529403567,0,0,0,1520.0144075540002," 2020-11-24 ",Never
52,<a href='https://x.com/Cryptostakecom' target='_blank'>cryptostake.com</a>,cryptostake.com,Staking Pools,6592,6592,206,0.00017203661491087775,0,0,0,1154.2302324389998," 2022-10-29 ",Never
53,honoraryape.eth,honoraryape.eth,Solo Stakers,6368,6368,199,0.00016619071052070228,0,0,-0.204,1644.6614951469996," 2020-12-21 "," 2025-11-11 "
54,<a href='https://x.com/BitpieWallet' target='_blank'>Bitpie</a>,Bitpie,Staking Pools,5088,5088,159,0.00013278554257684254,0,0,-0.18,4839.730141213001," 2020-12-23 "," 2026-02-14 "
55,<a href='https://x.com/Paxos' target='_blank'>Paxos</a>,Paxos,CEXs,4800,4800,150,0.00012526937978947408,0,0,0,1324.5010003080008," 2021-03-18 "," 2025-03-14 "
56,<a href='https://x.com/Teku_Consensys' target='_blank'>Teku Team</a>,Teku Team,Solo Stakers,4608,4608,144,0.00012025860459789513,0,0,0,1034.5968593720002," 2020-12-18 ",Never
57,<a href='https://x.com/prylabs' target='_blank'>Prysm Team</a>,Prysm Team,Solo Stakers,4608,4608,144,0.00012025860459789513,0,0,0,1060.870160879," 2020-11-21 ",Never
58,<a href='https://x.com/ethnimbus' target='_blank'>Nimbus Team</a>,Nimbus Team,Solo Stakers,4384,4384,137,0.00011441270020771968,0,0,-0.035,1044.8690053809999," 2020-11-21 "," 2026-02-05 "
59,<a href='https://x.com/sigp_io' target='_blank'>Sigma Prime Team</a>,Sigma Prime Team,Solo Stakers,4096,4096,128,0.00010689653742035122,0,0,0,1016.2306048510001," 2020-11-20 "," 2025-08-11 "
60,peleg.eth,peleg.eth,Solo Stakers,3200,3200,100,0.0000835129198596494,0,0,0,253.82728050799997," 2023-05-26 "," 2023-05-25 "
61,pottash.eth,pottash.eth,Solo Stakers,3200,3200,100,0.0000835129198596494,0,0,0,325.7285244650001," 2023-03-11 ",Never
62,amiga500.eth,amiga500.eth,Solo Stakers,3200,3200,100,0.0000835129198596494,0,0,0,476.71245351600004," 2023-10-04 "," 2024-12-25 "
63,greedland.eth,greedland.eth,Solo Stakers,3200,3200,100,0.0000835129198596494,0,0,0,639.8000080889999," 2021-01-08 ",Never
64,coinspiracy.eth,coinspiracy.eth,Solo Stakers,3200,3200,100,0.0000835129198596494,0,0,0,688.327002121," 2020-11-23 ",Never
65,bitshameddesk.eth,bitshameddesk.eth,Solo Stakers,3168,3168,99,0.0000826777906610529,0,0,-0.02,762.1989983149999," 2023-01-15 "," 2025-09-28 "
66,epstrom.eth,epstrom.eth,Solo Stakers,2368,2368,74,0.00006179956069614055,0,0,0,350.22394859700006," 2024-01-19 "," 2024-01-19 "
67,<a href='https://x.com/StaFi_Protocol' target='_blank'>StaFi</a>,StaFi,Liquid Staking,2336.03734031,2336.03734031,73.0011668846875,0.00006096540599701799,0,0,0.014,570.6057390849999," 2026-01-11 "," 2025-11-26 "
68,<a href='https://x.com/dxpoolOfficial' target='_blank'>DxPool</a>,DxPool,Staking Pools,2213,2213,69.15625,0.000057754403640438784,0,0,1.372,46.76274536000002," 2026-01-26 "," 2026-01-19 "
69,godavego.eth,godavego.eth,Solo Stakers,2144,2144,67,0.00005595365630596509,0,0,0,292.72934740600004," 2023-06-04 ",Never
70,95948.eth,95948.eth,Solo Stakers,2080,2080,65,0.0000542833979087721,0,0,0,107.57982828700001," 2025-09-03 "," 2025-06-13 "
71,andermatt.eth,andermatt.eth,Solo Stakers,2080,2080,65,0.0000542833979087721,0,0,0,0," 2021-11-23 ",Never
72,86061611630.eth,86061611630.eth,Solo Stakers,1952,1952,61,0.00005094288111438613,0,0,0,0," 2022-11-21 ",Never
73,daveydoo.eth,daveydoo.eth,Solo Stakers,1472,1472,46,0.00003841594313543872,0,0,0,256.50187790000007," 2025-05-15 "," 2025-05-22 "
74,47validators.eth,47validators.eth,Solo Stakers,1344,1344,42,0.000035075426341052745,0,0,0,0," 2021-06-19 ",Never
75,ibeli.eth,ibeli.eth,Solo Stakers,1280,1280,40,0.000033405167943859756,0,0,0,199.94455279199997," 2022-05-08 ",Never
76,<a href='https://x.com/SharedStakeNews' target='_blank'>SharedStake</a>,SharedStake,Liquid Staking,1280,1280,40,0.000033405167943859756,0,0,0,1993.6416051090007," 2021-04-04 "," 2024-06-27 "
77,dymaxiontechnology.eth,dymaxiontechnology.eth,Solo Stakers,1056,1056,33,0.0000275592635536843,0,0,0,113.448406175," 2022-08-09 ",Never
78,katto.eth,katto.eth,Solo Stakers,1056,1056,33,0.0000275592635536843,0,0,-0.057,101.607425468," 2024-11-15 "," 2026-01-14 "
79,gunfighter.eth,gunfighter.eth,Solo Stakers,1024,1024,32,0.000026724134355087806,0,0,0,135.956329564," 2022-06-07 ",Never
80,permafrost.eth,permafrost.eth,Solo Stakers,1024,1024,32,0.000026724134355087806,0,0,0,0," 2020-11-24 ",Never
81,Blox Staking,Blox Staking,Staking Pools,992,992,31,0.00002588900515649131,0,0,0,223.18419311400007," 2020-11-23 ",Never
82,freedom55.eth,freedom55.eth,Solo Stakers,984,984,30.75,0.000025680222856842187,0,0,0,229.48445504," 2025-05-07 "," 2025-08-09 "
83,wesurvivedthemerge.eth,wesurvivedthemerge.eth,Solo Stakers,960,960,30,0.000025053875957894817,0,0,0,128.257095083," 2022-09-16 ",Never
84,ronit.eth,ronit.eth,Solo Stakers,960,960,30,0.000025053875957894817,0,0,0,208.423207543," 2020-12-25 ",Never
85,staked.finance,staked.finance,Liquid Staking,960,960,30,0.000025053875957894817,0,0,0,213.58219962900003," 2020-11-25 ",Never
86,<a href='https://x.com/redactedcartel' target='_blank'>Redacted Pirex</a>,Redacted Pirex,Liquid Staking,935,935,29.21875,0.000024401431271491307,0,-0.064,-0.941,1387.1663793680004," 2025-09-24 "," 2026-03-09 "
87,collaboard.eth,collaboard.eth,Solo Stakers,928,928,29,0.000024218746759298323,0,0,0,0," 2022-12-22 ",Never
88,synergycrypto.eth,synergycrypto.eth,Solo Stakers,896,896,28,0.00002338361756070183,0,0,0,170.63742181900005," 2024-08-16 ",Never
89,fsjal.eth,fsjal.eth,Solo Stakers,817,817,25.53125,0.000021321892351666736,0,0,0.11,163.31374587899998," 2025-11-07 "," 2024-07-06 "
90,joycedental.eth,joycedental.eth,Solo Stakers,704,704,22,0.000018372842369122867,0,0,0,78.250529574," 2022-11-30 "," 2023-07-08 "
91,igisandros.eth,igisandros.eth,Solo Stakers,704,704,22,0.000018372842369122867,0,0,0,139.18103086499997," 2025-05-02 "," 2025-03-05 "
92,avastake.eth,avastake.eth,Solo Stakers,672,672,21,0.000017537713170526372,0,0,0,102.66354858699998," 2021-10-23 ",Never
93,lazlokovacs.eth,lazlokovacs.eth,Solo Stakers,640,640,20,0.000016702583971929878,0,0,0,126.14683306900001," 2021-04-27 ",Never
94,writter.eth,writter.eth,Solo Stakers,640,640,20,0.000016702583971929878,0,0,0,54.00227278299999," 2023-04-18 ",Never
95,mirasol.eth,mirasol.eth,Solo Stakers,640,640,20,0.000016702583971929878,0,0,0,147.33616282699998," 2020-11-05 ",Never
96,binarybangers.eth,binarybangers.eth,Solo Stakers,640,640,20,0.000016702583971929878,0,0,0,122.06671807699999," 2021-07-11 ",Never
97,radwanski.eth,radwanski.eth,Solo Stakers,640,640,20,0.000016702583971929878,0,0,0,101.17890252200002," 2022-08-21 ",Never
98,sturmh.eth,sturmh.eth,Solo Stakers,608,608,19,0.000015867454773333384,0,0,0,96.26758217499999," 2023-06-27 "," 2023-04-29 "
99,xp1.eth,xp1.eth,Solo Stakers,608,608,19,0.000015867454773333384,0,0,0,83.430661385," 2022-07-06 "," 2024-06-10 "
100,scg.eth,scg.eth,Solo Stakers,576,576,18,0.000015032325574736891,0,0,-0.182,146.233969365," 2021-01-13 "," 2025-11-03 "
101,showaid.eth,showaid.eth,Solo Stakers,576,576,18,0.000015032325574736891,0,0,0,105.073188739," 2025-01-08 "," 2025-01-08 "
102,careerin.eth,careerin.eth,Solo Stakers,512,512,16,0.000013362067177543903,0,0,0,70.14090901499999," 2020-12-13 ",Never
103,mylogin.eth,mylogin.eth,Solo Stakers,512,512,16,0.000013362067177543903,0,0,-0.059,84.536140588," 2024-01-01 "," 2026-01-11 "
104,jonboy.eth,jonboy.eth,Solo Stakers,480,480,15,0.000012526937978947409,0,0,0,76.239273812," 2021-09-08 ",Never
105,pate.eth,pate.eth,Solo Stakers,480,480,15,0.000012526937978947409,0,0,0,109.31497400399998," 2020-11-09 ",Never
106,mystakingwallet.eth,mystakingwallet.eth,Solo Stakers,448,448,14,0.000011691808780350914,0,0,0,91.84663035000003," 2021-03-28 ",Never
107,<a href='https://x.com/UpholdInc' target='_blank'>Uphold</a>,Uphold,CEXs,448,448,14,0.000011691808780350914,0,0,0,318.16573027000004," 2023-10-19 "," 2024-01-21 "
108,korkus.eth,korkus.eth,Solo Stakers,427,427,13.34375,0.000011143755243771966,0,0,0,25.345761168," 2025-06-03 ",Never
109,brianahern.eth,brianahern.eth,Solo Stakers,416,416,13,0.000010856679581754422,0,0,-0.133,119.33948692000001," 2025-02-09 "," 2026-01-23 "
110,edrews.eth,edrews.eth,Solo Stakers,416,416,13,0.000010856679581754422,0,0,0,48.260809929999986," 2022-07-02 ",Never
111,malachite🟢.eth,malachite🟢.eth,Solo Stakers,416,416,13,0.000010856679581754422,0,0,0,63.00920856800003," 2023-06-18 "," 2024-02-05 "
112,<a href='https://x.com/EPotterOfficial' target='_blank'>EPotter</a>,EPotter,Liquid Staking,416,416,13,0.000010856679581754422,0,0,0,328.0674725360001," 2024-02-28 "," 2024-04-12 "
113,gamell.eth,gamell.eth,Solo Stakers,416,416,13,0.000010856679581754422,0,0,0,53.584551201," 2024-02-21 ",Never
114,kalakris.eth,kalakris.eth,Solo Stakers,384,384,12,0.000010021550383157928,0,0,0,52.37360938500001," 2022-09-18 ",Never
115,dubbo.eth,dubbo.eth,Solo Stakers,384,384,12,0.000010021550383157928,0,0,0,83.48359623599998," 2022-09-13 "," 2024-06-02 "
116,<a href='https://x.com/neukindinc' target='_blank'>neukind.com</a>,neukind.com,Staking Pools,384,384,12,0.000010021550383157928,0,0,0,15.597827582999997," 2020-11-30 "," 2024-04-08 "
117,spacetractor.eth,spacetractor.eth,Solo Stakers,384,384,12,0.000010021550383157928,0,0,0,70.13311054600001," 2024-02-24 ",Never
118,edmiikk.eth,edmiikk.eth,Solo Stakers,384,384,12,0.000010021550383157928,0,0,0,73.47077349499999," 2023-08-02 ",Never
119,jspaceman.eth,jspaceman.eth,Solo Stakers,345,345,10.78125,0.00000900373667236845,0,0,0.012,51.07976898999999," 2025-12-08 "," 2024-02-19 "
120,nbm.eth,nbm.eth,Solo Stakers,335.43,335.43,10.4821875,0.000008753980846413187,0,0,0.042,73.31501372600003," 2026-01-27 "," 2025-03-05 "
121,dougcastoldi.eth,dougcastoldi.eth,Solo Stakers,320,320,10,0.000008351291985964939,0,0,0,47.225630540000004," 2023-09-07 "," 2025-02-09 "
122,seamonkey.eth,seamonkey.eth,Solo Stakers,320,320,10,0.000008351291985964939,0,0,0,55.565415392000006," 2024-03-05 ",Never
123,tablemountain.eth,tablemountain.eth,Solo Stakers,320,320,10,0.000008351291985964939,0,0,0,63.590644941," 2021-02-09 ",Never
124,bienen.eth,bienen.eth,Solo Stakers,320,320,10,0.000008351291985964939,0,0,0,73.35567753800002," 2020-11-23 ",Never
125,ollett.eth,ollett.eth,Solo Stakers,320,320,10,0.000008351291985964939,0,0,0,52.58720390599999," 2021-04-22 ",Never
126,akirodic.eth,akirodic.eth,Solo Stakers,320,320,10,0.000008351291985964939,0,0,0,69.94343673699998," 2020-12-11 ",Never
127,banteg.eth,banteg.eth,Solo Stakers,320,320,10,0.000008351291985964939,0,0,0,69.828286496," 2020-11-04 ",Never
128,colorcoin.eth,colorcoin.eth,Solo Stakers,320,320,10,0.000008351291985964939,0,0,0,22.940599682000002," 2023-07-25 ",Never
129,teague.eth,teague.eth,Solo Stakers,320,320,10,0.000008351291985964939,0,0,0,57.87230256499999," 2021-05-12 ",Never
130,cboyack.eth,cboyack.eth,Solo Stakers,320,320,10,0.000008351291985964939,0,0,0,49.422723604999995," 2021-06-26 ",Never
131,3f93.eth,3f93.eth,Solo Stakers,320,320,10,0.000008351291985964939,0,0,0,17.5156111," 2024-10-09 "," 2024-09-23 "
132,groo2.eth,groo2.eth,Solo Stakers,320,320,10,0.000008351291985964939,0,0,0,28.539612130000002," 2023-01-02 ",Never
133,jeremie.eth,jeremie.eth,Solo Stakers,320,320,10,0.000008351291985964939,0,0,0,43.92949042800001," 2023-04-15 "," 2024-03-22 "
134,<a href='https://x.com/grntwrght' target='_blank'>ctrl-alt.eth</a>,ctrl-alt.eth,Solo Stakers,320,320,10,0.000008351291985964939,0,0,0,18.439517321," 2023-05-11 ",Never
135,galenj.eth,galenj.eth,Solo Stakers,320,320,10,0.000008351291985964939,0,0,0,62.56166364900001," 2021-02-05 ",Never
136,kain.eth,kain.eth,Solo Stakers,320,320,10,0.000008351291985964939,0,0,0,0," 2020-11-24 ",Never
137,njknight.eth,njknight.eth,Solo Stakers,288.005485767,288.005485767,9.00017143021875,0.000007516305953749645,0,0,-0.182,46.77608777900001," 2023-04-15 "," 2025-11-30 "
139,millio.eth,millio.eth,Solo Stakers,288,288,9,0.000007516162787368446,0,0,0,58.632369753999996," 2021-01-29 ",Never
140,afei.eth,afei.eth,Solo Stakers,288,288,9,0.000007516162787368446,0,0,0,58.773470219," 2021-01-15 ",Never
141,gameishard.eth,gameishard.eth,Solo Stakers,288,288,9,0.000007516162787368446,0,0,0,26.80807646799999," 2024-02-29 "," 2024-02-10 "
142,stake.tomx.eth,stake.tomx.eth,Solo Stakers,288,288,9,0.000007516162787368446,0,0,-0.1,68.246185413," 2023-05-05 "," 2025-11-28 "
143,<a href='https://x.com/ebunker_eth' target='_blank'>Ebunker</a>,Ebunker,Staking Pools,288,288,9,0.000007516162787368446,0,0,-0.25,253.61541254300005," 2025-05-01 "," 2025-12-11 "
138,handmadebags.eth,handmadebags.eth,Solo Stakers,288,288,9,0.000007516162787368446,0,0,0,17.891234609999998," 2024-05-12 ",Never
144,lololp.eth,lololp.eth,Solo Stakers,257.5,257.5,8.046875,0.000006720180269956162,0,0,0,13.636487943," 2025-05-11 ",Never
145,row.eth,row.eth,Solo Stakers,256,256,8,0.0000066810335887719515,0,0,0,0," 2021-04-30 ",Never
146,baorui.eth,baorui.eth,Solo Stakers,256,256,8,0.0000066810335887719515,0,0,0,25.923183488," 2024-02-05 ",Never
147,alistake.eth,alistake.eth,Solo Stakers,256,256,8,0.0000066810335887719515,0,0,0,39.66704055500001," 2021-10-24 ",Never
148,h0lding.eth,h0lding.eth,Solo Stakers,256,256,8,0.0000066810335887719515,0,0,0,56.64980023899999," 2020-12-11 "," 2024-08-20 "
149,svensson.eth,svensson.eth,Solo Stakers,252.15,252.15,7.8796875,0.000006580557107065811,0,0,0,11.817724562999997," 2025-06-11 ",Never
150,thecoldwallet.eth,thecoldwallet.eth,Solo Stakers,243.13299999999998,243.13299999999998,7.597906249999999,0.0000063452333575737916,-0,-0,0.146,9.010019423," 2026-02-20 ",Never
153,zebrains.eth,zebrains.eth,Solo Stakers,224,224,7,0.000005845904390175457,0,0,0,0," 2020-11-24 ",Never
154,zenar.eth,zenar.eth,Solo Stakers,224,224,7,0.000005845904390175457,0,0,0,40.03269777800002," 2021-02-12 ",Never
155,brooklinen.eth,brooklinen.eth,Solo Stakers,224,224,7,0.000005845904390175457,0,0,0,40.513760325," 2021-05-21 ",Never
156,<a href='https://x.com/YieldNestFi' target='_blank'>YieldNest</a>,YieldNest,Liquid Restaking,224,224,7,0.000005845904390175457,-0.781,-0.915,-0.959,214.65010333700002," 2026-01-23 "," 2026-03-18 "
151,sprc-brothers.eth,sprc-brothers.eth,Solo Stakers,224,224,7,0.000005845904390175457,-0.125,-0.125,-0.125,48.787265058999985," 2021-05-05 "," 2026-03-19 "
152,harchy.eth,harchy.eth,Solo Stakers,224,224,7,0.000005845904390175457,0,0,0,28.985648349000005," 2024-05-07 ",Never
157,0x41414141.eth,0x41414141.eth,Solo Stakers,218,218,6.8125,0.000005689317665438615,0,0,0,17.083563013," 2025-07-19 ",Never
158,canbolat.eth,canbolat.eth,Solo Stakers,208,208,6.5,0.000005428339790877211,0,0,1.039,63.21266478500001," 2026-01-17 "," 2025-11-12 "
159,<a href='https://x.com/stereumdev' target='_blank'>stereum.net</a>,stereum.net,Solo Stakers,192,192,6,0.000005010775191578964,0,0,-0.333,59.406990283," 2024-06-30 "," 2026-01-06 "
160,roryburcham.eth,roryburcham.eth,Solo Stakers,192,192,6,0.000005010775191578964,0,0,0,15.952695361," 2023-05-14 ",Never
161,fengqi.eth,fengqi.eth,Solo Stakers,192,192,6,0.000005010775191578964,0,0,0,0," 2022-09-20 ",Never
162,brigs.eth,brigs.eth,Solo Stakers,192,192,6,0.000005010775191578964,0,0,0,27.771184590000008," 2024-07-17 ",Never
163,jwcrowe.eth,jwcrowe.eth,Solo Stakers,192,192,6,0.000005010775191578964,0,0,0,28.403528925000003," 2022-01-17 ",Never
164,verylongaddress.eth,verylongaddress.eth,Solo Stakers,192,192,6,0.000005010775191578964,0,0,0,12.013898105999997," 2023-12-22 "," 2023-12-27 "
165,birge.eth,birge.eth,Solo Stakers,192,192,6,0.000005010775191578964,0,0,0,69.05601984900001," 2020-11-04 "," 2025-09-18 "
166,deepspacechase.eth,deepspacechase.eth,Solo Stakers,192,192,6,0.000005010775191578964,0,0,0,0," 2021-10-27 ",Never
167,stakesaurus.eth,stakesaurus.eth,Solo Stakers,192,192,6,0.000005010775191578964,0,0,-0.25,31.53697418100001," 2023-09-19 "," 2026-01-13 "
168,clownworld.eth,clownworld.eth,Solo Stakers,192,192,6,0.000005010775191578964,0,0,0,38.47839278200001," 2023-04-09 "," 2024-02-04 "
169,dekeract.eth,dekeract.eth,Solo Stakers,192,192,6,0.000005010775191578964,0,0,0,32.573538778," 2022-12-28 ",Never
170,johnlynn.eth,johnlynn.eth,Solo Stakers,192,192,6,0.000005010775191578964,0,0,0,31.658009733000004," 2023-06-05 ",Never
171,563412.eth,563412.eth,Solo Stakers,190,190,5.9375,0.000004958579616666683,0,0,0,26.615921891," 2025-06-12 "," 2025-06-06 "
172,thebluebook.eth,thebluebook.eth,Solo Stakers,160.013783791,160.013783791,5.00043074346875,0.000004176005719430328,0,0,-0.286,12.855334571999997," 2023-04-17 "," 2026-01-21 "
175,alexphelps.eth,alexphelps.eth,Solo Stakers,160,160,5,0.0000041756459929824696,0,0,0,29.349512973999992," 2021-06-19 ",Never
176,b18c.eth,b18c.eth,Solo Stakers,160,160,5,0.0000041756459929824696,0,0,0,31.69951375799999," 2021-01-15 ",Never
177,rgenc.eth,rgenc.eth,Solo Stakers,160,160,5,0.0000041756459929824696,0,0,0,12.026365954," 2023-09-06 ",Never
178,plantregistry.eth,plantregistry.eth,Solo Stakers,160,160,5,0.0000041756459929824696,0,0,0,23.366979775," 2021-09-14 ",Never
179,mcgukin.eth,mcgukin.eth,Solo Stakers,160,160,5,0.0000041756459929824696,0,0,0,24.942469262999996," 2022-03-25 "," 2023-09-19 "
180,mwegehaupt.eth,mwegehaupt.eth,Solo Stakers,160,160,5,0.0000041756459929824696,0,0,0,44.533081691," 2021-01-05 "," 2025-04-11 "
181,weibeler.eth,weibeler.eth,Solo Stakers,160,160,5,0.0000041756459929824696,0,0,0,23.782697212," 2023-07-31 ",Never
182,trier.eth,trier.eth,Solo Stakers,160,160,5,0.0000041756459929824696,0,0,0,30.524528654000004," 2023-04-16 ",Never
183,gloopy.eth,gloopy.eth,Solo Stakers,160,160,5,0.0000041756459929824696,0,0,0,13.377569552," 2024-08-13 ",Never
184,tmarshall.eth,tmarshall.eth,Solo Stakers,160,160,5,0.0000041756459929824696,0,0,0,12.673151705000002," 2022-10-13 ",Never
185,datawarehouse.eth,datawarehouse.eth,Solo Stakers,160,160,5,0.0000041756459929824696,0,0,0,58.78920449200001," 2021-05-02 "," 2025-08-15 "
186,thunberg.eth,thunberg.eth,Solo Stakers,160,160,5,0.0000041756459929824696,0,0,0,0," 2021-12-18 ",Never
187,sherryw.eth,sherryw.eth,Solo Stakers,160,160,5,0.0000041756459929824696,0,0,0,20.812294554," 2023-04-01 "," 2024-01-11 "
188,famcv.eth,famcv.eth,Solo Stakers,160,160,5,0.0000041756459929824696,0,0,0,0," 2020-11-18 ",Never
189,sjhumphrey.eth,sjhumphrey.eth,Solo Stakers,160,160,5,0.0000041756459929824696,0,0,-0.286,18.977083374000003," 2023-04-25 "," 2025-12-17 "
190,greid.eth,greid.eth,Solo Stakers,160,160,5,0.0000041756459929824696,0,0,0,12.980226406999996," 2025-07-25 ",Never
191,currentoor.eth,currentoor.eth,Solo Stakers,160,160,5,0.0000041756459929824696,0,0,0,20.614558456," 2021-11-08 ",Never
192,cartcollector.eth,cartcollector.eth,Solo Stakers,160,160,5,0.0000041756459929824696,0,-0.167,-0.167,39.787141756000004," 2020-12-02 "," 2026-03-02 "
193,curtisc.eth,curtisc.eth,Solo Stakers,160,160,5,0.0000041756459929824696,0,0,0,0," 2022-01-27 ",Never
173,ghostwheel.eth,ghostwheel.eth,Solo Stakers,160,160,5,0.0000041756459929824696,0,0,0,36.565204228000006," 2020-11-08 ",Never
174,benjamincameronbaldwin.eth,benjamincameronbaldwin.eth,Solo Stakers,160,160,5,0.0000041756459929824696,0,0,0,19.138370036999994," 2023-05-18 ",Never
194,chainlabo.eth,chainlabo.eth,Solo Stakers,130,130,4.0625,0.0000033927123692982564,0,0,3.063,4.93293588," 2025-09-30 ",Never
195,vapem.eth,vapem.eth,Solo Stakers,130,130,4.0625,0.0000033927123692982564,0,0,0,4.457560815000001," 2025-06-07 ",Never
196,3x3q.eth,3x3q.eth,Solo Stakers,128,128,4,0.0000033405167943859757,0,0,0,23.655151439000004," 2021-01-20 ",Never
197,j2r5m3.eth,j2r5m3.eth,Solo Stakers,128,128,4,0.0000033405167943859757,0,0,0,0," 2020-11-24 ",Never
198,porom.eth,porom.eth,Solo Stakers,128,128,4,0.0000033405167943859757,0,0,0,21.510906945," 2021-07-25 ",Never
199,celes.eth,celes.eth,Solo Stakers,128,128,4,0.0000033405167943859757,0,0,0,20.850747819," 2021-07-17 ",Never
200,kar-ma.eth,kar-ma.eth,Solo Stakers,128,128,4,0.0000033405167943859757,0,0,0,17.741690030999997," 2021-08-14 ",Never
201,gilad.eth,gilad.eth,Solo Stakers,128,128,4,0.0000033405167943859757,0,0,0,7.865237737999999," 2023-04-22 ",Never
202,twitterhandle.eth,twitterhandle.eth,Solo Stakers,128,128,4,0.0000033405167943859757,0,0,0,16.913310483999997," 2022-02-07 ",Never
203,wolferfinance.eth,wolferfinance.eth,Solo Stakers,128,128,4,0.0000033405167943859757,0,0,0,13.556867427," 2022-06-29 ",Never
204,davieli.eth,davieli.eth,Solo Stakers,128,128,4,0.0000033405167943859757,0,0,0,12.725266876999997," 2023-06-10 ",Never
205,w000t.eth,w000t.eth,Solo Stakers,128,128,4,0.0000033405167943859757,0,0,0,0," 2020-11-23 ",Never
206,danhsiu.eth,danhsiu.eth,Solo Stakers,128,128,4,0.0000033405167943859757,0,0,0,10.862931104000001," 2024-01-14 ",Never
207,punk6883.eth,punk6883.eth,Solo Stakers,128,128,4,0.0000033405167943859757,0,0,0,6.304140841," 2023-10-06 ",Never
208,gregmain.eth,gregmain.eth,Solo Stakers,128,128,4,0.0000033405167943859757,0,0,0,23.269219039," 2023-11-04 ",Never
209,prestonvanloon.eth,prestonvanloon.eth,Solo Stakers,128,128,4,0.0000033405167943859757,0,0,0,7.9598603379999995," 2023-04-09 ",Never
210,angelovski.eth,angelovski.eth,Solo Stakers,128,128,4,0.0000033405167943859757,0,0,0,27.68150646," 2020-12-25 ",Never
211,tasslehoff.eth,tasslehoff.eth,Solo Stakers,128,128,4,0.0000033405167943859757,0,0,0,21.808171808000004," 2021-07-16 ",Never
212,grimnir.eth,grimnir.eth,Solo Stakers,128,128,4,0.0000033405167943859757,0,0,0,22.324397446999996," 2021-07-13 ",Never
213,akaifox.eth,akaifox.eth,Solo Stakers,128,128,4,0.0000033405167943859757,0,0,0,19.267750038," 2021-05-25 ",Never
214,eth3.eth,eth3.eth,Solo Stakers,128,128,4,0.0000033405167943859757,0,0,0,27.784675800999995," 2020-12-26 ",Never
215,puigsech.eth,puigsech.eth,Solo Stakers,128,128,4,0.0000033405167943859757,0,0,0,22.632702411999997," 2021-01-31 ",Never
216,yuut.eth,yuut.eth,Solo Stakers,128,128,4,0.0000033405167943859757,0,0,0,29.159680203999994," 2020-11-24 ",Never
217,humbolt.eth,humbolt.eth,Solo Stakers,128,128,4,0.0000033405167943859757,0,0,0,19.982523971000003," 2022-08-22 ",Never
218,at1as.eth,at1as.eth,Solo Stakers,128,128,4,0.0000033405167943859757,0,0,0,0," 2021-07-02 ",Never
219,typeyape.eth,typeyape.eth,Solo Stakers,128,128,4,0.0000033405167943859757,0,0,0,23.692149220000005," 2021-03-18 ",Never
220,inovas.eth,inovas.eth,Solo Stakers,128,128,4,0.0000033405167943859757,0,0,0,11.285974027," 2023-03-20 ",Never
221,stake-frites.eth,stake-frites.eth,Solo Stakers,127.7,127.7,3.990625,0.0000033326874581491336,0,0,0.33,19.626384990000002," 2025-11-15 ",Never
222,mazzilli.eth,mazzilli.eth,Solo Stakers,125,125,3.90625,0.0000032622234320175545,0,0,0,11.017211005," 2025-07-31 "," 2025-03-08 "
223,<a href='https://x.com/anpan02' target='_blank'>Anpan</a>,Anpan,Solo Stakers,108.5,108.5,3.390625,0.0000028316099389912373,0,0,-0.533,15.886325976000007," 2025-12-15 "," 2025-11-01 "
224,richguypaul.eth,richguypaul.eth,Solo Stakers,102.12,102.12,3.19125,0.0000026651060550210612,0,0,-0.565,23.910246188," 2025-05-11 "," 2026-02-06 "
225,drt0m.eth,drt0m.eth,Solo Stakers,100,100,3.125,0.0000026097787456140437,0,0,0,9.210669219999998," 2025-05-08 ",Never
226,7189.eth,7189.eth,Solo Stakers,99.43,99.43,3.1071875,0.0000025949030067640437,0,0,0,17.786960236000002," 2025-07-26 "," 2023-11-06 "
227,mccormick.eth,mccormick.eth,Solo Stakers,98,98,3.0625,0.0000025575831707017626,0,0,0,13.342566392," 2025-08-23 ",Never
228,<a href='https://x.com/kinematec' target='_blank'>Colin Robinson</a>,Colin Robinson,Solo Stakers,97,97,3.03125,0.000002531485383245622,0,0,0,17.480278985," 2025-05-24 ",Never
268,bmuscat.eth,bmuscat.eth,Solo Stakers,96,96,3,0.000002505387595789482,0,0,0,26.207360122000004," 2020-11-04 "," 2024-01-15 "
237,bdavey.eth,bdavey.eth,Solo Stakers,96,96,3,0.000002505387595789482,0,0,0,0," 2020-11-29 ",Never
269,avuja.eth,avuja.eth,Solo Stakers,96,96,3,0.000002505387595789482,0,0,0,30.493638105000006," 2021-05-03 "," 2025-09-18 "
238,thelvyn.eth,thelvyn.eth,Solo Stakers,96,96,3,0.000002505387595789482,0,0,0,18.345718319," 2020-11-21 ",Never
270,mrock.eth,mrock.eth,Solo Stakers,96,96,3,0.000002505387595789482,0,0,0,14.95895129," 2021-07-25 ",Never
239,ee.ecc.eth,ee.ecc.eth,Solo Stakers,96,96,3,0.000002505387595789482,0,0,0,6.3875553," 2023-10-23 ",Never
271,blockedge.eth,blockedge.eth,Solo Stakers,96,96,3,0.000002505387595789482,0,0,0,14.474083575000002," 2021-08-18 ",Never
240,errantventure.eth,errantventure.eth,Solo Stakers,96,96,3,0.000002505387595789482,0,0,0,20.203381291999992," 2020-11-24 ",Never
272,metamask.chrisgladd.eth,metamask.chrisgladd.eth,Solo Stakers,96,96,3,0.000002505387595789482,0,0,0,18.617921395999996," 2021-03-08 ",Never
241,xelor.eth,xelor.eth,Solo Stakers,96,96,3,0.000002505387595789482,0,0,0,13.002479753000003," 2022-01-24 ",Never
273,leftclickyield.eth,leftclickyield.eth,Solo Stakers,96,96,3,0.000002505387595789482,0,0,0,17.197162137999996," 2021-06-03 ",Never
242,wasif.eth,wasif.eth,Solo Stakers,96,96,3,0.000002505387595789482,0,0,0,12.058712832000001," 2022-10-11 ",Never
261,hibert.eth,hibert.eth,Solo Stakers,96,96,3,0.000002505387595789482,0,0,0,21.051270261999996," 2020-11-25 ",Never
243,defilogic.eth,defilogic.eth,Solo Stakers,96,96,3,0.000002505387595789482,0,0,0,0," 2022-09-09 ",Never
262,ckelly.eth,ckelly.eth,Solo Stakers,96,96,3,0.000002505387595789482,0,0,0,4.260984355999999," 2023-09-15 ",Never
244,gigafart.eth,gigafart.eth,Solo Stakers,96,96,3,0.000002505387595789482,0,0,0,4.728270407000001," 2025-01-26 ",Never
263,cigarface.eth,cigarface.eth,Solo Stakers,96,96,3,0.000002505387595789482,0,0,0,21.315407021999995," 2020-12-12 ",Never
245,benmichaelis.eth,benmichaelis.eth,Solo Stakers,96,96,3,0.000002505387595789482,-0.571,-0.727,-0.75,49.072089649000006," 2023-05-26 "," 2026-03-20 "
264,olympus.eth,olympus.eth,Solo Stakers,96,96,3,0.000002505387595789482,0,0,0,0," 2020-11-21 ",Never
246,johannesheizmann.eth,johannesheizmann.eth,Solo Stakers,96,96,3,0.000002505387595789482,0,0,0,10.381424177999998," 2024-04-11 ",Never
265,sonofvitalik.eth,sonofvitalik.eth,Solo Stakers,96,96,3,0.000002505387595789482,0,0,0,12.671403176999998," 2022-02-25 ",Never
247,nectarsac.eth,nectarsac.eth,Solo Stakers,96,96,3,0.000002505387595789482,0,0,0,11.627702753," 2024-02-27 ",Never
266,0xethstaker.eth,0xethstaker.eth,Solo Stakers,96,96,3,0.000002505387595789482,0,0,0,19.064507228000004," 2020-11-22 ",Never
248,inolen.eth,inolen.eth,Solo Stakers,96,96,3,0.000002505387595789482,0,0,0,8.543366777," 2022-12-24 ",Never
267,chillfam.eth,chillfam.eth,Solo Stakers,96,96,3,0.000002505387595789482,0,0,0,16.778482519," 2021-05-19 ",Never
249,verdaccio.eth,verdaccio.eth,Solo Stakers,96,96,3,0.000002505387595789482,0,0,0,9.042803353," 2023-01-22 ",Never
256,nicklas.eth,nicklas.eth,Solo Stakers,96,96,3,0.000002505387595789482,0,0,0,16.920023891999996," 2024-02-09 "," 2024-02-09 "
250,milli0.eth,milli0.eth,Solo Stakers,96,96,3,0.000002505387595789482,0,0,0,18.962201881000002," 2021-03-14 ",Never
257,beareatfish.eth,beareatfish.eth,Solo Stakers,96,96,3,0.000002505387595789482,0,0,0,0," 2022-02-21 ",Never
251,aepryus.eth,aepryus.eth,Solo Stakers,96,96,3,0.000002505387595789482,0,0,0,16.070131598000003," 2021-06-19 ",Never
258,evilpotatoguy.eth,evilpotatoguy.eth,Solo Stakers,96,96,3,0.000002505387595789482,0,0,0,18.562434079," 2021-04-02 ",Never
252,anothervizsla.eth,anothervizsla.eth,Solo Stakers,96,96,3,0.000002505387595789482,0,0,0,16.997322998," 2021-04-10 ",Never
259,pekoz.eth,pekoz.eth,Solo Stakers,96,96,3,0.000002505387595789482,0,0,0,6.314944486000001," 2023-08-25 ",Never
253,adybaev.eth,adybaev.eth,Solo Stakers,96,96,3,0.000002505387595789482,0,0,0,14.991724119," 2021-12-05 ",Never
260,smartin.eth,smartin.eth,Solo Stakers,96,96,3,0.000002505387595789482,0,0,0,21.145618180000007," 2020-12-15 ",Never
254,pogiboy.eth,pogiboy.eth,Solo Stakers,96,96,3,0.000002505387595789482,0,0,0,13.957952892000003," 2023-04-22 ",Never
255,inferno114.eth,inferno114.eth,Solo Stakers,96,96,3,0.000002505387595789482,0,0,0,22.138650712000004," 2020-11-08 ",Never
229,zlatohlavek.eth,zlatohlavek.eth,Solo Stakers,96,96,3,0.000002505387595789482,0,0,0,9.050414775000004," 2023-01-13 "," 2024-04-02 "
230,tanner.eth,tanner.eth,Solo Stakers,96,96,3,0.000002505387595789482,0,0,0,19.772447311000004," 2020-11-05 ",Never
231,daegwonchae.eth,daegwonchae.eth,Solo Stakers,96,96,3,0.000002505387595789482,0,0,0,0," 2020-11-24 ",Never
232,cerzi.eth,cerzi.eth,Solo Stakers,96,96,3,0.000002505387595789482,0,0,0,24.943012037," 2021-09-06 ",Never
233,trist.eth,trist.eth,Solo Stakers,96,96,3,0.000002505387595789482,0,0,0,40.00683388800001," 2023-06-20 "," 2025-08-31 "
234,anomanderrake.eth,anomanderrake.eth,Solo Stakers,96,96,3,0.000002505387595789482,0,0,0,11.382418802000002," 2023-05-14 ",Never
235,0dot1.eth,0dot1.eth,Solo Stakers,96,96,3,0.000002505387595789482,0,0,-0.25,12.269659707999999," 2023-05-04 "," 2026-01-29 "
236,kimochi.eth,kimochi.eth,Solo Stakers,96,96,3,0.000002505387595789482,0,0,0,0.5073159780000001," 2023-05-07 ",Never
274,zbron.eth,zbron.eth,Solo Stakers,92.25371513,92.25371513,2.8829285978125,0.0000024076178495020672,0,0,0,9.810751036000001," 2025-07-20 ",Never
275,redlizard.eth,redlizard.eth,Solo Stakers,84.70499999999998,84.70499999999998,2.6470312499999995,0.0000022106130864723753,-0,0,-0.473,56.647645004000005," 2025-11-11 "," 2025-11-03 "
276,pk910.eth,pk910.eth,Solo Stakers,84,84,2.625,0.0000021922141463157966,0,0,0,33.504619447," 2024-12-01 "," 2025-06-11 "
277,chosunone.eth,chosunone.eth,Solo Stakers,73,73,2.28125,0.0000019051384842982518,0,0,0,10.856771039000002," 2025-05-08 "," 2023-11-03 "
278,jaskier.eth,jaskier.eth,Solo Stakers,71.75,71.75,2.2421875,0.0000018725162499780762,0,0,0,9.224666614000002," 2025-05-11 ",Never
279,menelaos.eth,menelaos.eth,Solo Stakers,67,67,2.09375,0.000001748551759561409,0,0,0,5.049267792," 2025-05-20 ",Never
280,petclippy.umbra.eth,petclippy.umbra.eth,Solo Stakers,65.5,65.5,2.046875,0.0000017094050783771985,0,0,0.023,19.449392116," 2026-01-20 "," 2026-01-05 "
306,ethhonduras.eth,ethhonduras.eth,Solo Stakers,64,64,2,0.0000016702583971929879,0,0,0,12.39982092," 2021-01-08 ",Never
307,rainoldi.eth,rainoldi.eth,Solo Stakers,64,64,2,0.0000016702583971929879,0,0,0,10.869353552," 2022-05-22 ",Never
308,leean.eth,leean.eth,Solo Stakers,64,64,2,0.0000016702583971929879,0,0,0,8.175967317," 2022-04-13 ",Never
309,brampriem.eth,brampriem.eth,Solo Stakers,64,64,2,0.0000016702583971929879,0,0,0,38.070610203," 2022-05-22 "," 2025-09-19 "
310,razorj.eth,razorj.eth,Solo Stakers,64,64,2,0.0000016702583971929879,0,0,0,14.152465259," 2020-11-24 ",Never
311,moataz.eth,moataz.eth,Solo Stakers,64,64,2,0.0000016702583971929879,0,0,0,12.824889807999998," 2021-01-21 ",Never
312,pringlescan.eth,pringlescan.eth,Solo Stakers,64,64,2,0.0000016702583971929879,0,0,0,14.042117992000001," 2020-11-10 ",Never
313,joelhampton.eth,joelhampton.eth,Solo Stakers,64,64,2,0.0000016702583971929879,0,0,0,5.794716989," 2022-08-23 ",Never
314,vedants.eth,vedants.eth,Solo Stakers,64,64,2,0.0000016702583971929879,0,0,0,11.148396292000003," 2021-05-19 ",Never
315,eyeqian.eth,eyeqian.eth,Solo Stakers,64,64,2,0.0000016702583971929879,0,0,0,5.255527412000001," 2022-11-26 ",Never
316,emint.eth,emint.eth,Solo Stakers,64,64,2,0.0000016702583971929879,0,0,0,11.584217956000005," 2023-04-27 "," 2025-04-03 "
317,sharkya.eth,sharkya.eth,Solo Stakers,64,64,2,0.0000016702583971929879,0,0,0,9.543905105999999," 2023-04-30 ",Never
318,aspheris.eth,aspheris.eth,Solo Stakers,64,64,2,0.0000016702583971929879,0,0,0,4.503606555999999," 2023-07-30 ",Never
319,gyza.eth,gyza.eth,Solo Stakers,64,64,2,0.0000016702583971929879,0,0,0,12.799138184," 2021-01-14 ",Never
320,stirnetwork.eth,stirnetwork.eth,Solo Stakers,64,64,2,0.0000016702583971929879,0,0,0,0," 2020-11-23 ",Never
321,kevinrichardson.eth,kevinrichardson.eth,Solo Stakers,64,64,2,0.0000016702583971929879,0,0,0,4.882686662," 2023-05-22 ",Never
322,terrytai.eth,terrytai.eth,Solo Stakers,64,64,2,0.0000016702583971929879,0,0,0,0," 2021-01-14 ",Never
323,rauljordan.eth,rauljordan.eth,Solo Stakers,64,64,2,0.0000016702583971929879,0,0,0,7.957656587000001," 2021-05-01 ",Never
324,mtitus.eth,mtitus.eth,Solo Stakers,64,64,2,0.0000016702583971929879,0,0,-0.333,17.530314967," 2021-04-11 "," 2025-12-25 "
325,passabilities.eth,passabilities.eth,Solo Stakers,64,64,2,0.0000016702583971929879,0,0,0,13.285970326000001," 2020-12-01 ",Never
326,weekev.eth,weekev.eth,Solo Stakers,64,64,2,0.0000016702583971929879,0,0,0,7.6734164069999995," 2023-01-17 ",Never
327,bhanson.eth,bhanson.eth,Solo Stakers,64,64,2,0.0000016702583971929879,0,0,0,12.025370351999998," 2022-08-13 "," 2024-01-25 "
328,betou.eth,betou.eth,Solo Stakers,64,64,2,0.0000016702583971929879,0,0,0,10.231563999," 2021-08-11 ",Never
329,mysticryuujin.eth,mysticryuujin.eth,Solo Stakers,64,64,2,0.0000016702583971929879,0,0,0,8.743366620000002," 2023-01-11 ",Never
330,crypex.eth,crypex.eth,Solo Stakers,64,64,2,0.0000016702583971929879,0,0,0,7.16478507," 2022-06-19 ",Never
331,penguingrenade.eth,penguingrenade.eth,Solo Stakers,64,64,2,0.0000016702583971929879,0,0,0,10.292485673," 2021-09-23 ",Never
332,damstake.eth,damstake.eth,Solo Stakers,64,64,2,0.0000016702583971929879,0,0,0,104.84389269599997," 2021-03-08 "," 2025-01-27 "
333,ferengi.eth,ferengi.eth,Solo Stakers,64,64,2,0.0000016702583971929879,0,0,0,7.610208194999999," 2022-04-11 ",Never
334,davidcho.eth,davidcho.eth,Solo Stakers,64,64,2,0.0000016702583971929879,0,0,0,15.086110177," 2020-11-25 ",Never
335,critterdepot.eth,critterdepot.eth,Solo Stakers,64,64,2,0.0000016702583971929879,0,0,0,8.196979111," 2021-11-14 ",Never
336,teclis.eth,teclis.eth,Solo Stakers,64,64,2,0.0000016702583971929879,0,0,0,10.329924404," 2021-07-13 ",Never
337,highflyer.eth,highflyer.eth,Solo Stakers,64,64,2,0.0000016702583971929879,0,0,0,9.656098975," 2021-06-22 ",Never
338,bingley.eth,bingley.eth,Solo Stakers,64,64,2,0.0000016702583971929879,0,0,0,10.36547445," 2021-07-11 ",Never
339,hylick.eth,hylick.eth,Solo Stakers,64,64,2,0.0000016702583971929879,0,0,0,13.418285053999998," 2021-01-15 ",Never
340,balin.eth,balin.eth,Solo Stakers,64,64,2,0.0000016702583971929879,0,0,0,11.078477391," 2021-07-16 ",Never
341,gizzard.eth,gizzard.eth,Solo Stakers,64,64,2,0.0000016702583971929879,0,0,0,10.858014894," 2021-07-14 ",Never
342,ludvig.eth,ludvig.eth,Solo Stakers,64,64,2,0.0000016702583971929879,0,0,0,0," 2021-09-05 ",Never
343,pharos.eth,pharos.eth,Solo Stakers,64,64,2,0.0000016702583971929879,0,0,0,0," 2020-11-22 ",Never
344,pluch.eth,pluch.eth,Solo Stakers,64,64,2,0.0000016702583971929879,0,0,0,4.382091073000001," 2023-09-23 ",Never
345,chrishol.eth,chrishol.eth,Solo Stakers,64,64,2,0.0000016702583971929879,0,0,0,7.680639303999997," 2023-02-19 "," 2025-08-22 "
346,lucidity.eth,lucidity.eth,Solo Stakers,64,64,2,0.0000016702583971929879,0,0,0,6.588694169," 2022-09-11 ",Never
347,palu.eth,palu.eth,Solo Stakers,64,64,2,0.0000016702583971929879,0,0,0,13.638970302999999," 2020-12-11 ",Never
348,tomgargiulo.eth,tomgargiulo.eth,Solo Stakers,64,64,2,0.0000016702583971929879,0,0,0,7.839532212," 2023-06-12 ",Never
349,darthmike.eth,darthmike.eth,Solo Stakers,64,64,2,0.0000016702583971929879,0,0,0,7.385329887999999," 2024-03-19 ",Never
350,<a href='https://x.com/rcpw_' target='_blank'>rcpw.eth</a>,rcpw.eth,Solo Stakers,64,64,2,0.0000016702583971929879,0,0,0,10.726127906999999," 2022-08-24 ",Never
351,<a href='https://x.com/Eigenpiexyz_io' target='_blank'>Eigenpie</a>,Eigenpie,Liquid Restaking,64,64,2,0.0000016702583971929879,0,0,-0.714,39.50060132200004," 2025-12-04 "," 2026-01-11 "
352,ethview.eth,ethview.eth,Solo Stakers,64,64,2,0.0000016702583971929879,0,0,0,13.727731695," 2020-12-05 ",Never
353,hathaway.eth,hathaway.eth,Solo Stakers,64,64,2,0.0000016702583971929879,0,0,0,0," 2022-01-02 ",Never
354,agus.eth,agus.eth,Solo Stakers,64,64,2,0.0000016702583971929879,0,0,0,0," 2022-11-16 ",Never
355,tobyoft.eth,tobyoft.eth,Solo Stakers,64,64,2,0.0000016702583971929879,0,0,0,7.982400228," 2022-01-31 ",Never
356,richardcantillon.eth,richardcantillon.eth,Solo Stakers,64,64,2,0.0000016702583971929879,0,0,0,4.315335988000001," 2023-06-17 ",Never
357,<a href='https://x.com/calumtomeny' target='_blank'>calum.eth</a>,calum.eth,Solo Stakers,64,64,2,0.0000016702583971929879,0,0,0,14.380497967000004," 2020-11-21 ",Never
358,shoegazer.eth,shoegazer.eth,Solo Stakers,64,64,2,0.0000016702583971929879,0,0,0,10.096937736999998," 2023-03-30 ",Never
359,f33nx.eth,f33nx.eth,Solo Stakers,64,64,2,0.0000016702583971929879,0,0,0,0," 2021-01-17 ",Never
360,frankp.eth,frankp.eth,Solo Stakers,64,64,2,0.0000016702583971929879,0,0,0,12.785689337999997," 2020-12-20 ",Never
361,murat.eth,murat.eth,Solo Stakers,64,64,2,0.0000016702583971929879,0,0,0,9.447938162999996," 2021-11-17 ",Never
362,0xterranullius.eth,0xterranullius.eth,Solo Stakers,64,64,2,0.0000016702583971929879,0,0,0,0," 2021-11-29 ",Never
363,ashpool.eth,ashpool.eth,Solo Stakers,64,64,2,0.0000016702583971929879,0,0,0,11.215514482000003," 2021-05-10 ",Never
364,tfelix.eth,tfelix.eth,Solo Stakers,64,64,2,0.0000016702583971929879,0,0,0,14.708110266000002," 2020-12-27 ",Never
365,livingston.eth,livingston.eth,Solo Stakers,64,64,2,0.0000016702583971929879,0,0,0,11.984769039000001," 2021-02-18 ",Never
366,jamescbury.eth,jamescbury.eth,Solo Stakers,64,64,2,0.0000016702583971929879,0,0,0,14.130322313999997," 2021-01-31 ",Never
367,blask.eth,blask.eth,Solo Stakers,64,64,2,0.0000016702583971929879,0,0,0,14.213181482000001," 2020-11-11 ",Never
281,samcarman.eth,samcarman.eth,Solo Stakers,64,64,2,0.0000016702583971929879,0,0,0,12.760743762000006," 2022-02-15 "," 2023-06-21 "
282,brazzos.eth,brazzos.eth,Solo Stakers,64,64,2,0.0000016702583971929879,0,0,0,8.264128468," 2024-11-19 ",Never
283,infinityportal.eth,infinityportal.eth,Solo Stakers,64,64,2,0.0000016702583971929879,0,0,0,8.36196301," 2023-04-19 ",Never
284,carpediem.eth,carpediem.eth,Solo Stakers,64,64,2,0.0000016702583971929879,0,0,0,4.110707521," 2024-01-14 ",Never
285,byronyoung.eth,byronyoung.eth,Solo Stakers,64,64,2,0.0000016702583971929879,0,0,0,11.161951332," 2021-04-24 ",Never
286,sigmar.eth,sigmar.eth,Solo Stakers,64,64,2,0.0000016702583971929879,0,0,0,10.483717895000002," 2021-07-14 ",Never
287,10ofdisks.eth,10ofdisks.eth,Solo Stakers,64,64,2,0.0000016702583971929879,0,0,0,14.46096538," 2020-11-23 ",Never
288,goodforus.eth,goodforus.eth,Solo Stakers,64,64,2,0.0000016702583971929879,0,0,0,9.649590193," 2022-08-30 ",Never
289,ice.spectrehaunt.eth,ice.spectrehaunt.eth,Solo Stakers,64,64,2,0.0000016702583971929879,0,0,0,3.404025463," 2023-05-13 ",Never
290,stevereed.eth,stevereed.eth,Solo Stakers,64,64,2,0.0000016702583971929879,0,0,0,8.507760881," 2023-04-15 ",Never
291,kaelo.eth,kaelo.eth,Solo Stakers,64,64,2,0.0000016702583971929879,0,0,0,10.551175535000002," 2021-07-15 ",Never
292,okavango.eth,okavango.eth,Solo Stakers,64,64,2,0.0000016702583971929879,0,0,0,10.358695018999999," 2021-07-12 ",Never
293,monomesa.eth,monomesa.eth,Solo Stakers,64,64,2,0.0000016702583971929879,0,0,0,14.520135741," 2020-11-04 ",Never
294,meta.tortfeasor.eth,meta.tortfeasor.eth,Solo Stakers,64,64,2,0.0000016702583971929879,0,0,0,9.544866698000002," 2022-08-24 ",Never
295,servicem8.eth,servicem8.eth,Solo Stakers,64,64,2,0.0000016702583971929879,0,0,0,11.634708125000001," 2021-04-18 ",Never
296,sglee.eth,sglee.eth,Solo Stakers,64,64,2,0.0000016702583971929879,0,0,0,14.492579298," 2020-11-21 ",Never
297,vanhelsing.eth,vanhelsing.eth,Solo Stakers,64,64,2,0.0000016702583971929879,0,0,0,5.656945103999998," 2022-08-22 ",Never
298,amandra.eth,amandra.eth,Solo Stakers,64,64,2,0.0000016702583971929879,0,0,0,3.546660685," 2023-05-13 ",Never
299,temaki.eth,temaki.eth,Solo Stakers,64,64,2,0.0000016702583971929879,0,0,0,11.069607636999999," 2021-05-15 ",Never
300,vault.gall.eth,vault.gall.eth,Solo Stakers,64,64,2,0.0000016702583971929879,0,0,0,4.528450979," 2024-06-06 ",Never
301,crimzon.eth,crimzon.eth,Solo Stakers,64,64,2,0.0000016702583971929879,0,0,0,8.711886566999999," 2021-12-15 ",Never
302,s0xphie.eth,s0xphie.eth,Solo Stakers,64,64,2,0.0000016702583971929879,0,0,0,9.697356133000003," 2022-04-05 ",Never
303,sunbird.eth,sunbird.eth,Solo Stakers,64,64,2,0.0000016702583971929879,0,0,-0.6,52.322130707000014," 2020-11-24 "," 2025-12-24 "
304,thorgrim.eth,thorgrim.eth,Solo Stakers,64,64,2,0.0000016702583971929879,0,0,0,10.651909058000001," 2021-07-25 ",Never
305,froggeer.eth,froggeer.eth,Solo Stakers,64,64,2,0.0000016702583971929879,0,0,0,9.104767026000003," 2023-05-06 ",Never
368,althani.eth,althani.eth,Solo Stakers,60.7,60.7,1.896875,0.0000015841356985877245,0,0,0.104,6.1681535300000006," 2025-11-06 ",Never
369,kansakar.eth,kansakar.eth,Solo Stakers,59.949799999999996,59.949799999999996,1.8734312499999999,0.0000015645571384381278,0,-0,0.017,6.970209231999999," 2026-01-11 ",Never
370,city17.eth,city17.eth,Solo Stakers,52,52,1.625,0.0000013570849477193027,0,0,0,10.783272803000001," 2025-05-18 ",Never
371,base64.eth,base64.eth,Solo Stakers,48.114188999999996,48.114188999999996,1.5035684062499999,0.00000125567387814657,0,0,0.063,6.487104077," 2025-09-24 ",Never
,↘️ <a href='https://x.com/Bitpanda_global' target='_blank'>Bitpanda</a> (w/ Unknown),Bitpanda,CEXs,0,45,1.40625,0.0000011744004355263223,-0.997,-0.997,-1,54.916621068000005," 2025-11-06 "," 2025-10-28 "
372,stakecryptofolio.eth,stakecryptofolio.eth,Solo Stakers,44.788718546,44.788718546,1.3996474545625,0.0000011688864570464033,0.086,0.086,0.4,5.042154177," 2026-03-19 ",Never
373,ollyp.eth,ollyp.eth,Solo Stakers,43.599999999999994,43.599999999999994,1.3624999999999998,0.0000011378635330877229,-0,0,0.077,1.6220017130000004," 2025-10-17 "," 2025-07-07 "
374,panthermoderns.eth,panthermoderns.eth,Solo Stakers,41.8,41.8,1.30625,0.0000010908875156666701,0,0,0,6.5055009969999995," 2025-07-10 ",Never
375,fgstaking.eth,fgstaking.eth,Solo Stakers,41,41,1.28125,0.000001070009285701758,0,0,0.281,19.313773136000002," 2025-11-12 "," 2023-12-23 "
376,graybeard.eth,graybeard.eth,Solo Stakers,39,39,1.21875,0.000001017813710789477,0,0,0,6.404257017000001," 2025-05-13 ",Never
377,zamesa.eth,zamesa.eth,Solo Stakers,38.010054361,38.010054361,1.18781419878125,9.919783199097219e-7,0,0,0,5.889676147," 2025-05-16 ",Never
378,bigwall.eth,bigwall.eth,Solo Stakers,38,38,1.1875,9.917159233333365e-7,0,0,0,6.152673011999999," 2025-07-30 ",Never
379,🌱stake.eth,🌱stake.eth,Solo Stakers,36.70727146,36.70727146,1.147102233125,9.579785686579298e-7,0,0,0.147,1.907977726," 2025-10-09 ",Never
380,jasonthane.eth,jasonthane.eth,Solo Stakers,34.5,34.5,1.078125,9.00373667236845e-7,0,0,0.078,7.196906443," 2025-12-29 ",Never
381,firefinch.eth,firefinch.eth,Solo Stakers,34.5,34.5,1.078125,9.00373667236845e-7,0,0,-0.481,8.016250847000002," 2025-09-17 "," 2026-02-08 "
382,if-you-own-this-you-are-rich-on.eth,if-you-own-this-you-are-rich-on.eth,Solo Stakers,33.017744488999995,33.017744488999995,1.0318045152812498,8.616900779550741e-7,0,0,0,2.6929814309999998," 2023-04-14 "," 2023-04-14 "
383,istake.eth,istake.eth,Solo Stakers,33.01,33.01,1.0315625,8.614879639271957e-7,0,0,0,6.270673823," 2025-09-02 ",Never
384,hashsoup.eth,hashsoup.eth,Solo Stakers,32.0341519,32.0341519,1.001067246875,8.360204876239173e-7,0,0,0,2.9779416200000006," 2024-12-06 "," 2024-10-26 "
385,joshuas.eth,joshuas.eth,Solo Stakers,32.020138939999995,32.020138939999995,1.0006293418749999,8.356547803722057e-7,0,0,0,17.393319351," 2020-12-06 "," 2025-06-06 "
512,moontrader.eth,moontrader.eth,Solo Stakers,32,32,1,8.351291985964939e-7,0,0,0,11.213874930000001," 2021-06-03 "," 2025-04-11 "
387,honestwork.eth,honestwork.eth,Solo Stakers,32,32,1,8.351291985964939e-7,0,0,0,7.897661793000001," 2023-05-21 "," 2025-04-23 "
513,corbridge.eth,corbridge.eth,Solo Stakers,32,32,1,8.351291985964939e-7,0,0,0,7.163043105," 2020-11-22 ",Never
388,seongwan.eth,seongwan.eth,Solo Stakers,32,32,1,8.351291985964939e-7,0,0,0,3.3132915960000004," 2022-10-01 ",Never
514,reinoud.eth,reinoud.eth,Solo Stakers,32,32,1,8.351291985964939e-7,0,0,0,8.058225515999997," 2024-03-28 "," 2024-04-02 "
389,dinomuuk.eth,dinomuuk.eth,Solo Stakers,32,32,1,8.351291985964939e-7,0,0,0,3.055659013," 2022-10-09 ",Never
515,u96.eth,u96.eth,Solo Stakers,32,32,1,8.351291985964939e-7,0,0,0,0," 2020-11-22 ",Never
390,chengd.eth,chengd.eth,Solo Stakers,32,32,1,8.351291985964939e-7,0,0,0,2.020230164," 2023-06-19 ",Never
516,yasuanii.eth,yasuanii.eth,Solo Stakers,32,32,1,8.351291985964939e-7,0,0,0,3.7913854290000017," 2021-07-15 "," 2024-12-21 "
391,paul.tonelli.eth,paul.tonelli.eth,Solo Stakers,32,32,1,8.351291985964939e-7,0,0,0,6.950274046999999," 2020-11-24 ",Never
517,scttl.eth,scttl.eth,Solo Stakers,32,32,1,8.351291985964939e-7,0,0,0,5.4903513550000005," 2021-06-05 ",Never
392,wennroad.eth,wennroad.eth,Solo Stakers,32,32,1,8.351291985964939e-7,0,0,0,6.0754485969999985," 2020-11-24 ",Never
518,stempfel.eth,stempfel.eth,Solo Stakers,32,32,1,8.351291985964939e-7,0,0,0,3.316375987," 2022-10-13 ",Never
393,bankruptcyattorney.eth,bankruptcyattorney.eth,Solo Stakers,32,32,1,8.351291985964939e-7,0,0,0,0," 2021-05-21 ",Never
519,bigbull.eth,bigbull.eth,Solo Stakers,32,32,1,8.351291985964939e-7,0,0,0,0," 2021-02-10 ",Never
394,2023.tesserax.eth,2023.tesserax.eth,Solo Stakers,32,32,1,8.351291985964939e-7,0,0,0,2.1841052359999997," 2023-06-23 ",Never
520,388988.eth,388988.eth,Solo Stakers,32,32,1,8.351291985964939e-7,0,0,0,0," 2020-11-23 ",Never
395,calibrium.eth,calibrium.eth,Solo Stakers,32,32,1,8.351291985964939e-7,0,0,0,3.366927263," 2022-09-04 ",Never
521,erebels.eth,erebels.eth,Solo Stakers,32,32,1,8.351291985964939e-7,0,0,0,7.27123925," 2020-11-23 ",Never
396,biota.eth,biota.eth,Solo Stakers,32,32,1,8.351291985964939e-7,0,0,0,6.975137732000002," 2020-11-24 ",Never
522,pengzs.eth,pengzs.eth,Solo Stakers,32,32,1,8.351291985964939e-7,0,0,0,0," 2020-11-24 ",Never
397,voska.eth,voska.eth,Solo Stakers,32,32,1,8.351291985964939e-7,0,0,0,11.231069556000005," 2021-05-16 "," 2024-09-08 "
523,peder.eth,peder.eth,Solo Stakers,32,32,1,8.351291985964939e-7,0,0,0,7.254997119000002," 2020-11-23 ",Never
398,kryptokicks.eth,kryptokicks.eth,Solo Stakers,32,32,1,8.351291985964939e-7,0,0,0,0," 2020-12-02 ",Never
524,streetindex.eth,streetindex.eth,Solo Stakers,32,32,1,8.351291985964939e-7,0,0,0,0," 2021-02-13 ",Never
399,stakewalker.eth,stakewalker.eth,Solo Stakers,32,32,1,8.351291985964939e-7,0,0,0,6.061307908," 2021-03-24 ",Never
525,heystein.eth,heystein.eth,Solo Stakers,32,32,1,8.351291985964939e-7,0,0,0,0," 2020-12-02 ",Never
400,pigfrown.eth,pigfrown.eth,Solo Stakers,32,32,1,8.351291985964939e-7,0,0,0,0," 2020-11-23 ",Never
526,goodroot.eth,goodroot.eth,Solo Stakers,32,32,1,8.351291985964939e-7,0,0,0,6.312501698," 2021-01-17 ",Never
401,kelvinyasu.eth,kelvinyasu.eth,Solo Stakers,32,32,1,8.351291985964939e-7,0,0,0,7.213801049000001," 2020-12-09 ",Never
527,slashproof.eth,slashproof.eth,Solo Stakers,32,32,1,8.351291985964939e-7,0,0,0,0," 2022-07-07 ",Never
402,daihelle.eth,daihelle.eth,Solo Stakers,32,32,1,8.351291985964939e-7,0,0,0,7.015917053999999," 2020-12-10 ",Never
528,spedden.eth,spedden.eth,Solo Stakers,32,32,1,8.351291985964939e-7,0,0,0,6.5714339829999995," 2020-11-23 ",Never
403,brik.eth,brik.eth,Solo Stakers,32,32,1,8.351291985964939e-7,0,0,0,5.385946736," 2021-07-10 ",Never
529,aleksandar.eth,aleksandar.eth,Solo Stakers,32,32,1,8.351291985964939e-7,0,0,0,0," 2020-12-10 ",Never
404,snowgum.eth,snowgum.eth,Solo Stakers,32,32,1,8.351291985964939e-7,0,0,0,6.822772561000001," 2020-11-24 ",Never
530,roanoke.eth,roanoke.eth,Solo Stakers,32,32,1,8.351291985964939e-7,0,0,0,5.597386614," 2021-07-05 ",Never
405,rubisco.eth,rubisco.eth,Solo Stakers,32,32,1,8.351291985964939e-7,0,0,0,7.3254427689999995," 2020-11-23 ",Never
531,gödel.eth,gödel.eth,Solo Stakers,32,32,1,8.351291985964939e-7,0,0,0,5.124660304000002," 2021-05-16 ",Never
406,webberz.eth,webberz.eth,Solo Stakers,32,32,1,8.351291985964939e-7,0,0,0,16.499183686000002," 2021-04-04 "," 2025-09-09 "
532,sockeye.eth,sockeye.eth,Solo Stakers,32,32,1,8.351291985964939e-7,0,0,0,7.222659239," 2024-01-16 "," 2024-01-16 "
407,matnad.eth,matnad.eth,Solo Stakers,32,32,1,8.351291985964939e-7,0,0,0,0," 2020-11-04 ",Never
533,dhananjay.eth,dhananjay.eth,Solo Stakers,32,32,1,8.351291985964939e-7,0,0,0,5.734076158," 2020-12-28 ",Never
408,davidv.eth,davidv.eth,Solo Stakers,32,32,1,8.351291985964939e-7,0,0,0,4.028802348," 2021-10-12 ",Never
534,0x0312.eth,0x0312.eth,Solo Stakers,32,32,1,8.351291985964939e-7,0,0,0,0," 2020-11-22 ",Never
409,notimaginary.eth,notimaginary.eth,Solo Stakers,32,32,1,8.351291985964939e-7,0,0,0,16.584857206000006," 2020-11-23 ",Never
535,ice.reion.eth,ice.reion.eth,Solo Stakers,32,32,1,8.351291985964939e-7,0,0,0,1.8970858330000002," 2023-06-09 ",Never
410,ong.eth,ong.eth,Solo Stakers,32,32,1,8.351291985964939e-7,0,0,0,6.8655833799999995," 2020-11-24 ",Never
536,reapz.eth,reapz.eth,Solo Stakers,32,32,1,8.351291985964939e-7,0,0,0,4.047873042000001," 2022-05-01 ",Never
411,eoinjefferies.eth,eoinjefferies.eth,Solo Stakers,32,32,1,8.351291985964939e-7,0,0,0,0," 2021-03-17 ",Never
537,fiatfarce.eth,fiatfarce.eth,Solo Stakers,32,32,1,8.351291985964939e-7,0,0,0,0," 2021-04-22 ",Never
412,kenichi.eth,kenichi.eth,Solo Stakers,32,32,1,8.351291985964939e-7,0,0,0,0," 2020-11-25 ",Never
538,<a href='https://x.com/SenseiNode' target='_blank'>SenseiNode</a>,SenseiNode,Staking Pools,32,32,1,8.351291985964939e-7,0,0,0,8.140079023000009," 2023-03-01 "," 2024-12-22 "
413,suremark.eth,suremark.eth,Solo Stakers,32,32,1,8.351291985964939e-7,0,0,-0.75,11.242492961," 2024-11-02 "," 2026-01-07 "
539,ice-box.eth,ice-box.eth,Solo Stakers,32,32,1,8.351291985964939e-7,0,0,0,2.7765032970000005," 2023-03-07 ",Never
414,pigou.eth,pigou.eth,Solo Stakers,32,32,1,8.351291985964939e-7,0,0,0,0," 2020-11-23 ",Never
540,bobotron.eth,bobotron.eth,Solo Stakers,32,32,1,8.351291985964939e-7,0,0,0,5.64698683," 2021-04-19 ",Never
415,highriseworld.eth,highriseworld.eth,Solo Stakers,32,32,1,8.351291985964939e-7,0,0,0,0," 2022-10-30 ",Never
541,epiphyte.eth,epiphyte.eth,Solo Stakers,32,32,1,8.351291985964939e-7,0,0,0,4.896590906999998," 2021-07-14 ",Never
416,eartha.eth,eartha.eth,Solo Stakers,32,32,1,8.351291985964939e-7,0,0,0,5.234055313999999," 2021-03-24 ",Never
542,eclips.eth,eclips.eth,Solo Stakers,32,32,1,8.351291985964939e-7,0,0,0,14.705500041," 2022-07-17 "," 2023-07-25 "
417,korok.eth,korok.eth,Solo Stakers,32,32,1,8.351291985964939e-7,0,0,0,7.101655791," 2020-11-23 ",Never
543,garychiang.eth,garychiang.eth,Solo Stakers,32,32,1,8.351291985964939e-7,0,0,0,15.412423774999999," 2020-12-31 "," 2025-04-11 "
418,nanox.eth,nanox.eth,Solo Stakers,32,32,1,8.351291985964939e-7,0,0,0,6.258329602," 2021-02-18 ",Never
544,luzian.eth,luzian.eth,Solo Stakers,32,32,1,8.351291985964939e-7,0,0,0,3.9335919400000003," 2022-07-19 ",Never
419,keltron.eth,keltron.eth,Solo Stakers,32,32,1,8.351291985964939e-7,0,0,0,0," 2020-11-24 ",Never
545,delegate.val128.eth,delegate.val128.eth,Solo Stakers,32,32,1,8.351291985964939e-7,0,0,0,2.2833465819999996," 2023-07-10 ",Never
420,sourdoughsynths.eth,sourdoughsynths.eth,Solo Stakers,32,32,1,8.351291985964939e-7,0,0,0,2.09216147," 2023-05-07 ",Never
546,stevenhancock.eth,stevenhancock.eth,Solo Stakers,32,32,1,8.351291985964939e-7,0,0,0,0," 2022-09-20 ",Never
421,jorhan.eth,jorhan.eth,Solo Stakers,32,32,1,8.351291985964939e-7,0,0,0,3.868800322," 2022-02-21 ",Never
547,last.eth,last.eth,Solo Stakers,32,32,1,8.351291985964939e-7,0,0,0,5.638667892999999," 2021-02-09 ",Never
422,frankxavier.eth,frankxavier.eth,Solo Stakers,32,32,1,8.351291985964939e-7,0,0,0,6.86904071," 2020-11-23 ",Never
548,neozaru.eth,neozaru.eth,Solo Stakers,32,32,1,8.351291985964939e-7,0,0,0,7.186967490000001," 2020-11-23 ",Never
423,kapsteur.eth,kapsteur.eth,Solo Stakers,32,32,1,8.351291985964939e-7,0,0,0,0," 2020-12-01 ",Never
549,jeshli.eth,jeshli.eth,Solo Stakers,32,32,1,8.351291985964939e-7,0,0,0,6.733446318," 2020-11-26 ",Never
424,rushughes.eth,rushughes.eth,Solo Stakers,32,32,1,8.351291985964939e-7,0,0,0,7.065602612999999," 2020-12-03 ",Never
550,brntoken.eth,brntoken.eth,Solo Stakers,32,32,1,8.351291985964939e-7,0,0,0,2.4365251150000002," 2022-12-15 ",Never
425,edzorg.eth,edzorg.eth,Solo Stakers,32,32,1,8.351291985964939e-7,0,0,0,0," 2020-11-22 ",Never
551,zuzaluan1.eth,zuzaluan1.eth,Solo Stakers,32,32,1,8.351291985964939e-7,0,0,0,0," 2023-06-05 ",Never
426,veekta.eth,veekta.eth,Solo Stakers,32,32,1,8.351291985964939e-7,0,0,0,5.176169955000001," 2021-04-28 ",Never
552,darzyx.eth,darzyx.eth,Solo Stakers,32,32,1,8.351291985964939e-7,0,0,0,6.1798207309999995," 2020-12-19 ",Never
427,hodldwon.eth,hodldwon.eth,Solo Stakers,32,32,1,8.351291985964939e-7,0,0,0,0," 2020-11-24 ",Never
553,danning.eth,danning.eth,Solo Stakers,32,32,1,8.351291985964939e-7,0,0,0,1.415727385," 2023-08-20 ",Never
428,hazelstar.eth,hazelstar.eth,Solo Stakers,32,32,1,8.351291985964939e-7,0,0,0,3.284243693," 2022-08-30 ",Never
554,d1m0ndhvnd.eth,d1m0ndhvnd.eth,Solo Stakers,32,32,1,8.351291985964939e-7,0,0,0,5.0398525089999975," 2021-08-07 ",Never
429,ntpo.eth,ntpo.eth,Solo Stakers,32,32,1,8.351291985964939e-7,0,0,0,0," 2020-12-15 ",Never
555,redjetcar.eth,redjetcar.eth,Solo Stakers,32,32,1,8.351291985964939e-7,0,0,0,4.886352051," 2021-09-23 ",Never
430,horizonventures.eth,horizonventures.eth,Solo Stakers,32,32,1,8.351291985964939e-7,0,0,0,7.219745404999999," 2020-11-24 ",Never
556,djxstream.eth,djxstream.eth,Solo Stakers,32,32,1,8.351291985964939e-7,0,0,0,8.196287307999999," 2022-10-10 "," 2023-12-10 "
431,revere.eth,revere.eth,Solo Stakers,32,32,1,8.351291985964939e-7,0,0,0,0," 2020-11-05 ",Never
557,logando.eth,logando.eth,Solo Stakers,32,32,1,8.351291985964939e-7,0,0,0,6.057828543000002," 2021-03-08 ",Never
432,cornhusker.eth,cornhusker.eth,Solo Stakers,32,32,1,8.351291985964939e-7,0,0,0,5.058818475999999," 2021-10-02 ",Never
558,oddball.eth,oddball.eth,Solo Stakers,32,32,1,8.351291985964939e-7,0,0,0,5.702482935000001," 2021-02-17 ",Never
433,zkblockbe.eth,zkblockbe.eth,Solo Stakers,32,32,1,8.351291985964939e-7,0,0,0,2.47745913," 2023-04-18 ",Never
559,mesoverse.eth,mesoverse.eth,Solo Stakers,32,32,1,8.351291985964939e-7,0,0,0,6.5642661449999995," 2021-02-21 ",Never
434,hyunnie.eth,hyunnie.eth,Solo Stakers,32,32,1,8.351291985964939e-7,0,0,0,5.653609949," 2021-05-26 ",Never
560,valdivieso.eth,valdivieso.eth,Solo Stakers,32,32,1,8.351291985964939e-7,0,0,0,6.402467486," 2021-02-21 ",Never
435,asteriscus.eth,asteriscus.eth,Solo Stakers,32,32,1,8.351291985964939e-7,0,0,0,0," 2020-11-17 ",Never
561,spicetrader.eth,spicetrader.eth,Solo Stakers,32,32,1,8.351291985964939e-7,0,0,0,6.890984233999999," 2020-12-09 ",Never
436,brianfitzgerald.eth,brianfitzgerald.eth,Solo Stakers,32,32,1,8.351291985964939e-7,0,0,0,6.754245415000001," 2020-11-18 ",Never
562,uprosetheloftythoughts.eth,uprosetheloftythoughts.eth,Solo Stakers,32,32,1,8.351291985964939e-7,0,0,0,7.111469914000001," 2020-12-10 ",Never
437,benjey.eth,benjey.eth,Solo Stakers,32,32,1,8.351291985964939e-7,0,0,0,0," 2020-11-14 ",Never
563,<a href='https://x.com/buffalospace00' target='_blank'>buffalospace.eth</a>,buffalospace.eth,Solo Stakers,32,32,1,8.351291985964939e-7,0,0,0,7.713544341999999," 2020-11-24 ",Never
438,0xpierro.eth,0xpierro.eth,Solo Stakers,32,32,1,8.351291985964939e-7,0,0,0,6.007113121," 2021-03-18 ",Never
564,masond.eth,masond.eth,Solo Stakers,32,32,1,8.351291985964939e-7,0,0,0,3.468968328," 2022-09-22 ",Never
439,cosmicloud.eth,cosmicloud.eth,Solo Stakers,32,32,1,8.351291985964939e-7,0,0,0,11.720298399999995," 2024-01-08 "," 2024-01-08 "
565,clodey.eth,clodey.eth,Solo Stakers,32,32,1,8.351291985964939e-7,0,0,0,0," 2020-12-21 ",Never
440,ericnagel.eth,ericnagel.eth,Solo Stakers,32,32,1,8.351291985964939e-7,0,0,0,2.2730355159999998," 2022-12-22 ",Never
566,danielh.eth,danielh.eth,Solo Stakers,32,32,1,8.351291985964939e-7,0,0,0,3.4128772670000007," 2022-08-30 ",Never
441,spyglassventures.eth,spyglassventures.eth,Solo Stakers,32,32,1,8.351291985964939e-7,0,0,0,0," 2022-12-14 ",Never
567,anonymeth.eth,anonymeth.eth,Solo Stakers,32,32,1,8.351291985964939e-7,0,0,0,0," 2021-07-01 ",Never
442,montaguecosgrove.eth,montaguecosgrove.eth,Solo Stakers,32,32,1,8.351291985964939e-7,0,0,0,5.691091517000001," 2021-05-01 ",Never
568,bradcobb.eth,bradcobb.eth,Solo Stakers,32,32,1,8.351291985964939e-7,0,0,0,5.167439644000001," 2021-06-09 ",Never
443,kindatired.eth,kindatired.eth,Solo Stakers,32,32,1,8.351291985964939e-7,0,0,0,3.9172343720000007," 2022-08-03 ",Never
569,shuf.eth,shuf.eth,Solo Stakers,32,32,1,8.351291985964939e-7,0,0,0,0," 2021-11-01 ",Never
444,jackshaw.eth,jackshaw.eth,Solo Stakers,32,32,1,8.351291985964939e-7,0,0,0,0," 2020-12-14 ",Never
570,folha.eth,folha.eth,Solo Stakers,32,32,1,8.351291985964939e-7,0,0,0,6.872705803000001," 2020-12-07 ",Never
445,nicoleta.eth,nicoleta.eth,Solo Stakers,32,32,1,8.351291985964939e-7,0,0,0,6.286703628," 2020-11-18 ",Never
571,atomross.eth,atomross.eth,Solo Stakers,32,32,1,8.351291985964939e-7,0,0,0,6.280217346000001," 2020-12-30 ",Never
446,metanomics.eth,metanomics.eth,Solo Stakers,32,32,1,8.351291985964939e-7,0,0,0,2.08228807," 2023-07-23 ",Never
572,beerbaron.eth,beerbaron.eth,Solo Stakers,32,32,1,8.351291985964939e-7,0,0,0,4.0912500110000005," 2022-06-05 ",Never
447,04221.eth,04221.eth,Solo Stakers,32,32,1,8.351291985964939e-7,0,0,-0.5,16.650603650999994," 2023-05-07 "," 2025-12-08 "
573,iicc.eth,iicc.eth,Solo Stakers,32,32,1,8.351291985964939e-7,0,0,0,2.881678288," 2022-10-18 ",Never
448,mikewalsh.eth,mikewalsh.eth,Solo Stakers,32,32,1,8.351291985964939e-7,0,0,0,0," 2022-03-15 ",Never
574,redovolk.eth,redovolk.eth,Solo Stakers,32,32,1,8.351291985964939e-7,0,0,0,6.627438757999999," 2020-12-07 ",Never
449,hiken.eth,hiken.eth,Solo Stakers,32,32,1,8.351291985964939e-7,0,0,0,0," 2021-05-26 ",Never
575,callmegwei.eth,callmegwei.eth,Solo Stakers,32,32,1,8.351291985964939e-7,0,0,0,0," 2020-11-24 ",Never
450,pelmiche.eth,pelmiche.eth,Solo Stakers,32,32,1,8.351291985964939e-7,0,0,0,2.2957289970000003," 2023-07-17 ",Never
576,jonlabrie.eth,jonlabrie.eth,Solo Stakers,32,32,1,8.351291985964939e-7,0,0,0,12.504952437999998," 2020-11-30 "," 2024-07-15 "
451,tanongsak.eth,tanongsak.eth,Solo Stakers,32,32,1,8.351291985964939e-7,0,0,0,2.748568367," 2023-04-15 ",Never
577,blackmesa.eth,blackmesa.eth,Solo Stakers,32,32,1,8.351291985964939e-7,0,0,0,5.650739145999999," 2021-06-15 ",Never
452,sundt.eth,sundt.eth,Solo Stakers,32,32,1,8.351291985964939e-7,0,0,0,3.026568214," 2023-02-16 ",Never
578,pseudote.eth,pseudote.eth,Solo Stakers,32,32,1,8.351291985964939e-7,0,0,0,3.445104827000001," 2022-09-26 ",Never
453,ssv-test.eth,ssv-test.eth,Solo Stakers,32,32,1,8.351291985964939e-7,0,0,0,0," 2021-10-19 ",Never
579,dxraise.eth,dxraise.eth,Solo Stakers,32,32,1,8.351291985964939e-7,0,0,0,0," 2020-11-24 ",Never
454,syoung.eth,syoung.eth,Solo Stakers,32,32,1,8.351291985964939e-7,0,0,0,7.18606187," 2020-11-22 ",Never
580,potuk.eth,potuk.eth,Solo Stakers,32,32,1,8.351291985964939e-7,0,0,0,6.6436617139999985," 2025-12-20 "," 2025-11-08 "
455,bibby.eth,bibby.eth,Solo Stakers,32,32,1,8.351291985964939e-7,0,0,0,0," 2021-01-06 ",Never
581,luiscalcada.eth,luiscalcada.eth,Solo Stakers,32,32,1,8.351291985964939e-7,0,0,0,6.766072541," 2020-12-04 ",Never
456,hubereustice.eth,hubereustice.eth,Solo Stakers,32,32,1,8.351291985964939e-7,0,0,0,3.93355312," 2021-11-07 ",Never
582,custos.eth,custos.eth,Solo Stakers,32,32,1,8.351291985964939e-7,0,0,0,6.510525073," 2021-01-29 ",Never
457,halseyrichartz.eth,halseyrichartz.eth,Solo Stakers,32,32,1,8.351291985964939e-7,0,0,0,5.686530756000002," 2021-05-21 ",Never
583,amann.eth,amann.eth,Solo Stakers,32,32,1,8.351291985964939e-7,0,0,0,0," 2021-01-10 ",Never
458,defimick.eth,defimick.eth,Solo Stakers,32,32,1,8.351291985964939e-7,0,0,0,6.2210073239999994," 2021-01-19 ",Never
584,mcescher.eth,mcescher.eth,Solo Stakers,32,32,1,8.351291985964939e-7,0,0,0,6.8829272480000006," 2020-12-08 ",Never
459,hisnamesstake.eth,hisnamesstake.eth,Solo Stakers,32,32,1,8.351291985964939e-7,0,0,0,6.946480748000001," 2020-12-13 ",Never
585,alexthunder.eth,alexthunder.eth,Solo Stakers,32,32,1,8.351291985964939e-7,0,0,0,5.106539738," 2021-10-17 ",Never
460,allevolutionz.eth,allevolutionz.eth,Solo Stakers,32,32,1,8.351291985964939e-7,0,0,0,3.320180952," 2022-12-05 ",Never
586,0x201c.eth,0x201c.eth,Solo Stakers,32,32,1,8.351291985964939e-7,0,0,0,6.382258209000001," 2020-12-01 ",Never
461,gov.ramana.eth,gov.ramana.eth,Solo Stakers,32,32,1,8.351291985964939e-7,0,0,0,5.700925498," 2021-06-21 ",Never
587,wavebeing.eth,wavebeing.eth,Solo Stakers,32,32,1,8.351291985964939e-7,0,0,0,2.64531758," 2024-02-28 "," 2024-02-28 "
462,baconseason.eth,baconseason.eth,Solo Stakers,32,32,1,8.351291985964939e-7,0,0,0,3.6269660389999996," 2022-09-02 ",Never
588,tomio.eth,tomio.eth,Solo Stakers,32,32,1,8.351291985964939e-7,0,0,0,6.7995452830000005," 2020-11-24 ",Never
463,maracuya.eth,maracuya.eth,Solo Stakers,32,32,1,8.351291985964939e-7,0,0,0,0," 2020-11-24 ",Never
589,dfern.eth,dfern.eth,Solo Stakers,32,32,1,8.351291985964939e-7,0,0,0,3.948430769," 2022-04-11 ",Never
464,isaiahkim.eth,isaiahkim.eth,Solo Stakers,32,32,1,8.351291985964939e-7,0,0,0,5.224449181999999," 2020-11-26 ",Never
590,jorrian.eth,jorrian.eth,Solo Stakers,32,32,1,8.351291985964939e-7,0,0,0,7.523557070000002," 2020-11-04 ",Never
465,nanexcool.eth,nanexcool.eth,Solo Stakers,32,32,1,8.351291985964939e-7,0,0,0,0," 2020-11-24 ",Never
591,juliettwhiskey.eth,juliettwhiskey.eth,Solo Stakers,32,32,1,8.351291985964939e-7,0,0,0,2.7781495209999996," 2023-02-10 ",Never
466,shanev.eth,shanev.eth,Solo Stakers,32,32,1,8.351291985964939e-7,0,0,0,0," 2020-11-24 ",Never
592,ledger0.eth,ledger0.eth,Solo Stakers,32,32,1,8.351291985964939e-7,0,0,0,3.1624134780000004," 2022-10-09 ",Never
467,bubbies.eth,bubbies.eth,Solo Stakers,32,32,1,8.351291985964939e-7,0,0,0,3.278202509," 2022-09-24 ",Never
593,stratuscyber.eth,stratuscyber.eth,Solo Stakers,32,32,1,8.351291985964939e-7,0,0,0,5.780095341000001," 2020-12-20 ",Never
468,0age.eth,0age.eth,Solo Stakers,32,32,1,8.351291985964939e-7,0,0,0,0," 2020-11-24 ",Never
594,stake2.atg.eth,stake2.atg.eth,Solo Stakers,32,32,1,8.351291985964939e-7,0,0,0,0," 2020-11-17 ",Never
469,nolang.eth,nolang.eth,Solo Stakers,32,32,1,8.351291985964939e-7,0,0,0,2.1052516779999992," 2023-09-13 ",Never
595,nishantdas.eth,nishantdas.eth,Solo Stakers,32,32,1,8.351291985964939e-7,0,0,0,3.1287778970000004," 2022-11-11 ",Never
470,ninguem.eth,ninguem.eth,Solo Stakers,32,32,1,8.351291985964939e-7,0,0,0,6.048122643000001," 2020-11-24 ",Never
596,thanquol.eth,thanquol.eth,Solo Stakers,32,32,1,8.351291985964939e-7,0,0,0,5.594379996999999," 2021-07-05 ",Never
471,ploufside.eth,ploufside.eth,Solo Stakers,32,32,1,8.351291985964939e-7,0,0,0,6.6820812090000015," 2021-02-24 ",Never
597,marklevey.eth,marklevey.eth,Solo Stakers,32,32,1,8.351291985964939e-7,0,0,0,4.220103637," 2021-10-06 ",Never
472,mxwsn.eth,mxwsn.eth,Solo Stakers,32,32,1,8.351291985964939e-7,0,0,0,5.461548403000001," 2024-03-04 "," 2024-08-09 "
598,astrostakers.eth,astrostakers.eth,Solo Stakers,32,32,1,8.351291985964939e-7,0,0,0,5.412470324," 2021-09-01 ",Never
473,arz.eth,arz.eth,Solo Stakers,32,32,1,8.351291985964939e-7,0,0,0,4.883796982," 2021-11-11 ",Never
599,geleeroyale.eth,geleeroyale.eth,Solo Stakers,32,32,1,8.351291985964939e-7,0,0,0,2.217704338," 2023-07-03 ",Never
474,lightclient.eth,lightclient.eth,Solo Stakers,32,32,1,8.351291985964939e-7,0,0,0,6.964336171," 2020-11-04 ",Never
600,dutchie.eth,dutchie.eth,Solo Stakers,32,32,1,8.351291985964939e-7,0,0,0,6.991772653999998," 2020-12-20 ",Never
475,brianlester.eth,brianlester.eth,Solo Stakers,32,32,1,8.351291985964939e-7,0,0,0,7.144582764999997," 2020-11-16 ",Never
601,springn.eth,springn.eth,Solo Stakers,32,32,1,8.351291985964939e-7,0,0,0,4.172598692," 2021-09-08 ",Never
476,pryce.eth,pryce.eth,Solo Stakers,32,32,1,8.351291985964939e-7,0,0,0,3.6039464160000008," 2021-10-20 ",Never
602,efault.eth,efault.eth,Solo Stakers,32,32,1,8.351291985964939e-7,0,0,0,44.222105246999995," 2020-11-23 "," 2024-03-05 "
477,stake.atg.eth,stake.atg.eth,Solo Stakers,32,32,1,8.351291985964939e-7,0,0,0,0," 2020-11-28 ",Never
603,lincolnerickson.eth,lincolnerickson.eth,Solo Stakers,32,32,1,8.351291985964939e-7,0,0,0,7.134188598000001," 2020-11-19 ",Never
478,ixtanoa.eth,ixtanoa.eth,Solo Stakers,32,32,1,8.351291985964939e-7,0,0,0,24.87243073200001," 2022-07-22 "," 2025-01-28 "
604,racemax.eth,racemax.eth,Solo Stakers,32,32,1,8.351291985964939e-7,0,0,0,11.223494566," 2021-03-05 "," 2024-03-05 "
479,mycodelicforest.eth,mycodelicforest.eth,Solo Stakers,32,32,1,8.351291985964939e-7,0,0,0,5.906113489999999," 2020-12-21 ",Never
605,sylvester.eth,sylvester.eth,Solo Stakers,32,32,1,8.351291985964939e-7,0,0,0,3.2241995399999985," 2022-10-01 ",Never
480,mvanhorn.eth,mvanhorn.eth,Solo Stakers,32,32,1,8.351291985964939e-7,0,0,0,0," 2022-07-09 ",Never
606,mholtz.eth,mholtz.eth,Solo Stakers,32,32,1,8.351291985964939e-7,0,0,0,0," 2020-12-25 ",Never
481,maysam.eth,maysam.eth,Solo Stakers,32,32,1,8.351291985964939e-7,0,0,0,1.8437472400000001," 2023-04-30 ",Never
607,dabiri.eth,dabiri.eth,Solo Stakers,32,32,1,8.351291985964939e-7,0,0,0,0," 2021-05-08 ",Never
482,109-110.eth,109-110.eth,Solo Stakers,32,32,1,8.351291985964939e-7,0,0,0,4.608066137," 2021-12-08 ",Never
608,xroque.eth,xroque.eth,Solo Stakers,32,32,1,8.351291985964939e-7,0,0,0,0," 2020-11-30 ",Never
483,morey.eth,morey.eth,Solo Stakers,32,32,1,8.351291985964939e-7,0,0,0,2.4033909029999996," 2021-05-19 ",Never
609,tcobb.eth,tcobb.eth,Solo Stakers,32,32,1,8.351291985964939e-7,0,0,0,5.415089433," 2020-11-24 ",Never
484,howkhang.eth,howkhang.eth,Solo Stakers,32,32,1,8.351291985964939e-7,0,0,0,0," 2020-11-22 ",Never
610,miltee.eth,miltee.eth,Solo Stakers,32,32,1,8.351291985964939e-7,0,0,0,4.3948627490000005," 2022-05-30 ",Never
485,domandtom.eth,domandtom.eth,Solo Stakers,32,32,1,8.351291985964939e-7,0,0,0,6.279846807," 2020-12-01 ",Never
611,saturnial.eth,saturnial.eth,Solo Stakers,32,32,1,8.351291985964939e-7,0,0,0,0," 2020-11-24 ",Never
486,jcomfort.eth,jcomfort.eth,Solo Stakers,32,32,1,8.351291985964939e-7,0,0,0,6.341152427999999," 2021-02-23 ",Never
612,ascendalan.eth,ascendalan.eth,Solo Stakers,32,32,1,8.351291985964939e-7,0,0,0,0," 2020-11-24 ",Never
487,i-d.eth,i-d.eth,Solo Stakers,32,32,1,8.351291985964939e-7,0,0,0,4.012076843," 2022-03-16 ",Never
613,noun40.eth,noun40.eth,Solo Stakers,32,32,1,8.351291985964939e-7,0,0,0,0.587759088," 2023-02-20 ",Never
488,gajit.eth,gajit.eth,Solo Stakers,32,32,1,8.351291985964939e-7,0,0,0,7.190628713," 2020-11-24 ",Never
614,mr101.eth,mr101.eth,Solo Stakers,32,32,1,8.351291985964939e-7,0,0,0,7.01384129," 2020-11-21 ",Never
489,metavalent.eth,metavalent.eth,Solo Stakers,32,32,1,8.351291985964939e-7,0,0,0,3.8517169620000002," 2022-08-07 ",Never
615,jmm22.eth,jmm22.eth,Solo Stakers,32,32,1,8.351291985964939e-7,0,0,0,3.380716338," 2022-09-24 ",Never
490,fanek.eth,fanek.eth,Solo Stakers,32,32,1,8.351291985964939e-7,0,0,0,5.500762731999999," 2021-06-15 ",Never
616,d0ck3r.eth,d0ck3r.eth,Solo Stakers,32,32,1,8.351291985964939e-7,0,0,0,7.05547777," 2020-11-08 ",Never
491,joera.p2p-citizen.eth,joera.p2p-citizen.eth,Solo Stakers,32,32,1,8.351291985964939e-7,0,0,0,6.820739793000001," 2020-11-08 ",Never
617,chxrxe.eth,chxrxe.eth,Solo Stakers,32,32,1,8.351291985964939e-7,0,0,0,3.8331678230000006," 2022-04-24 ",Never
492,yyasuko.eth,yyasuko.eth,Solo Stakers,32,32,1,8.351291985964939e-7,0,0,0,6.516055249000001," 2021-02-11 ",Never
618,silverhub.eth,silverhub.eth,Solo Stakers,32,32,1,8.351291985964939e-7,0,0,0,0," 2021-02-10 ",Never
493,edenia.eth,edenia.eth,Solo Stakers,32,32,1,8.351291985964939e-7,0,0,0,1.7178253810000004," 2023-07-12 ",Never
619,daveydave.eth,daveydave.eth,Solo Stakers,32,32,1,8.351291985964939e-7,0,0,0,4.8201764879999995," 2021-10-14 ",Never
494,heliosphere.eth,heliosphere.eth,Solo Stakers,32,32,1,8.351291985964939e-7,0,0,0,4.718465559999999," 2021-04-11 ",Never
620,strategicfinance.eth,strategicfinance.eth,Solo Stakers,32,32,1,8.351291985964939e-7,0,0,0,3.7546858450000005," 2022-05-08 ",Never
495,pachacamac.eth,pachacamac.eth,Solo Stakers,32,32,1,8.351291985964939e-7,0,0,0,3.867486083000001," 2022-01-28 ",Never
621,patrickr.eth,patrickr.eth,Solo Stakers,32,32,1,8.351291985964939e-7,0,0,0,4.145931634," 2022-03-14 ",Never
496,jamescarnley.eth,jamescarnley.eth,Solo Stakers,32,32,1,8.351291985964939e-7,0,0,0,6.678963736000001," 2020-11-04 ",Never
622,jasperplatz.eth,jasperplatz.eth,Solo Stakers,32,32,1,8.351291985964939e-7,0,0,0,2.433695009," 2023-07-14 ",Never
497,40748.eth,40748.eth,Solo Stakers,32,32,1,8.351291985964939e-7,0,0,0,2.5492163150000002," 2023-04-22 ",Never
623,maddhater.eth,maddhater.eth,Solo Stakers,32,32,1,8.351291985964939e-7,0,0,0,3.6374478050000003," 2022-10-12 ",Never
498,aeonic.eth,aeonic.eth,Solo Stakers,32,32,1,8.351291985964939e-7,0,0,0,0," 2020-11-23 ",Never
624,thelonelyghost.eth,thelonelyghost.eth,Solo Stakers,32,32,1,8.351291985964939e-7,0,0,0,7.170742994000001," 2020-11-22 ",Never
499,duelinggalois.eth,duelinggalois.eth,Solo Stakers,32,32,1,8.351291985964939e-7,0,0,0,6.818271553999999," 2020-11-22 ",Never
625,everythingbiig.eth,everythingbiig.eth,Solo Stakers,32,32,1,8.351291985964939e-7,0,0,0,4.725499939999999," 2021-11-07 ",Never
500,noisewar.eth,noisewar.eth,Solo Stakers,32,32,1,8.351291985964939e-7,0,0,0,5.223459425999998," 2021-05-06 "," 2025-07-23 "
626,fleeting.eth,fleeting.eth,Solo Stakers,32,32,1,8.351291985964939e-7,0,0,0,9.150779492000005," 2021-02-16 "," 2024-09-17 "
501,shaame.eth,shaame.eth,Solo Stakers,32,32,1,8.351291985964939e-7,0,0,0,0," 2020-12-20 ",Never
627,vnv.eth,vnv.eth,Solo Stakers,32,32,1,8.351291985964939e-7,0,0,0,6.791318629999999," 2020-12-20 ",Never
502,grasponcrypto.eth,grasponcrypto.eth,Solo Stakers,32,32,1,8.351291985964939e-7,0,0,0,6.33752502," 2020-12-04 ",Never
628,bassoy.eth,bassoy.eth,Solo Stakers,32,32,1,8.351291985964939e-7,0,0,0,2.898976621," 2022-11-30 ",Never
503,pepes.eth,pepes.eth,Solo Stakers,32,32,1,8.351291985964939e-7,0,0,0,6.135630551999999," 2020-11-23 ",Never
629,cjvaldez.eth,cjvaldez.eth,Solo Stakers,32,32,1,8.351291985964939e-7,0,0,0,3.4551445469999997," 2022-09-12 ",Never
504,bpopa.eth,bpopa.eth,Solo Stakers,32,32,1,8.351291985964939e-7,0,0,0,0," 2023-10-09 ",Never
630,zellster.eth,zellster.eth,Solo Stakers,32,32,1,8.351291985964939e-7,0,0,0,6.498340504999999," 2020-11-30 ",Never
505,aksoy.eth,aksoy.eth,Solo Stakers,32,32,1,8.351291985964939e-7,0,0,0,7.0896206809999995," 2020-12-09 ",Never
631,reindl.eth,reindl.eth,Solo Stakers,32,32,1,8.351291985964939e-7,0,0,0,7.143525199," 2020-11-22 ",Never
506,basicallyamushroom.eth,basicallyamushroom.eth,Solo Stakers,32,32,1,8.351291985964939e-7,0,0,0,6.906236341," 2020-11-24 ",Never
632,haarmeisterei.eth,haarmeisterei.eth,Solo Stakers,32,32,1,8.351291985964939e-7,0,0,0,7.4276492539999985," 2020-12-10 ",Never
507,graph-node-1-cp0x-hosted-by-ryabina.eth,graph-node-1-cp0x-hosted-by-ryabina.eth,Solo Stakers,32,32,1,8.351291985964939e-7,0,0,0,8.468106947," 2023-08-19 "," 2025-06-09 "
633,colfax.eth,colfax.eth,Solo Stakers,32,32,1,8.351291985964939e-7,0,0,0,7.22553539," 2020-11-22 ",Never
508,jdetychey.eth,jdetychey.eth,Solo Stakers,32,32,1,8.351291985964939e-7,0,0,0,0," 2020-11-24 ",Never
634,hydrodan.eth,hydrodan.eth,Solo Stakers,32,32,1,8.351291985964939e-7,0,0,0,0," 2021-06-26 ",Never
509,omoju.eth,omoju.eth,Solo Stakers,32,32,1,8.351291985964939e-7,0,0,0,5.925800274999999," 2021-04-21 ",Never
635,mkkoll.eth,mkkoll.eth,Solo Stakers,32,32,1,8.351291985964939e-7,0,0,0,6.975017145000002," 2020-11-16 ",Never
510,bronnan.eth,bronnan.eth,Solo Stakers,32,32,1,8.351291985964939e-7,0,0,0,2.6178865100000004," 2021-08-08 ",Never
636,plau.eth,plau.eth,Solo Stakers,32,32,1,8.351291985964939e-7,0,0,0,2.199924649," 2023-05-03 ",Never
511,netolli.eth,netolli.eth,Solo Stakers,32,32,1,8.351291985964939e-7,0,0,0,6.618298312," 2020-12-23 ",Never
637,mitchlyn.eth,mitchlyn.eth,Solo Stakers,32,32,1,8.351291985964939e-7,0,0,0,6.014228218000001," 2021-03-27 ",Never
386,salomi.eth,salomi.eth,Solo Stakers,32,32,1,8.351291985964939e-7,0,0,0,7.242645810000002," 2020-11-29 ",Never
638,tiedb.eth,tiedb.eth,Solo Stakers,32,32,1,8.351291985964939e-7,0,0,0,5.81643678," 2020-12-28 ",Never
639,redboer.eth,redboer.eth,Solo Stakers,32,32,1,8.351291985964939e-7,0,0,0,4.809754409999999," 2020-11-25 ",Never
640,alisheikh.eth,alisheikh.eth,Solo Stakers,32,32,1,8.351291985964939e-7,0,0,0,3.0903142039999993," 2021-08-04 ",Never
641,goldmancrypto.eth,goldmancrypto.eth,Solo Stakers,32,32,1,8.351291985964939e-7,0,0,0,0," 2020-11-05 ",Never
642,civalot.eth,civalot.eth,Solo Stakers,32,32,1,8.351291985964939e-7,0,0,0,10.502157366999999," 2021-03-02 "," 2023-05-07 "
643,zekey.eth,zekey.eth,Solo Stakers,32,32,1,8.351291985964939e-7,0,0,-0.5,12.151954461," 2023-06-03 "," 2025-09-28 "
644,pmayerh.eth,pmayerh.eth,Solo Stakers,32,32,1,8.351291985964939e-7,0,0,0,3.5683340390000002," 2022-04-13 ",Never
645,dghelm.eth,dghelm.eth,Solo Stakers,32,32,1,8.351291985964939e-7,0,0,0,0," 2021-08-01 ",Never
646,papacoins.eth,papacoins.eth,Solo Stakers,32,32,1,8.351291985964939e-7,0,0,0,3.681636393," 2022-08-08 ",Never
647,ncitron.eth,ncitron.eth,Solo Stakers,32,32,1,8.351291985964939e-7,0,0,0,5.272681134," 2020-12-30 ",Never
648,xxyyjshchxjehxj.eth,xxyyjshchxjehxj.eth,Solo Stakers,32,32,1,8.351291985964939e-7,0,0,0,0," 2020-12-07 ",Never
649,peruzzi.eth,peruzzi.eth,Solo Stakers,32,32,1,8.351291985964939e-7,0,0,0,7.181666441999999," 2020-12-01 ",Never
650,smeee.eth,smeee.eth,Solo Stakers,32,32,1,8.351291985964939e-7,0,0,0,9.907457537999997," 2023-03-14 "," 2023-10-25 "
651,emergencyrecovery.eth,emergencyrecovery.eth,Solo Stakers,32,32,1,8.351291985964939e-7,0,0,0,2.755203971," 2021-03-30 ",Never
652,boss351.umbra.eth,boss351.umbra.eth,Solo Stakers,32,32,1,8.351291985964939e-7,0,0,0,7.438875200000001," 2020-11-04 ",Never
653,neoos.eth,neoos.eth,Solo Stakers,32,32,1,8.351291985964939e-7,0,0,0,3.8386682280000004," 2022-07-22 ",Never
654,nitram.eth,nitram.eth,Solo Stakers,32,32,1,8.351291985964939e-7,0,0,0,0," 2021-05-16 ",Never
655,legendofzelda.eth,legendofzelda.eth,Solo Stakers,32,32,1,8.351291985964939e-7,0,0,0,7.291072876000001," 2020-11-24 ",Never
656,blackburn.eth,blackburn.eth,Solo Stakers,32,32,1,8.351291985964939e-7,0,0,0,3.2314076349999996," 2022-04-05 ",Never
657,lindy.eth,lindy.eth,Solo Stakers,32,32,1,8.351291985964939e-7,0,0,0,121.527864932," 2021-04-23 "," 2025-09-18 "
658,milewski.eth,milewski.eth,Solo Stakers,32,32,1,8.351291985964939e-7,0,0,0,3.530608268," 2020-11-24 ",Never
659,joolee.eth,joolee.eth,Solo Stakers,32,32,1,8.351291985964939e-7,0,0,0,0," 2021-11-24 ",Never
660,semaj.eth,semaj.eth,Solo Stakers,32,32,1,8.351291985964939e-7,0,0,0,4.441281570999999," 2021-06-18 ",Never
661,andmeandyou.eth,andmeandyou.eth,Solo Stakers,32,32,1,8.351291985964939e-7,0,0,0,0," 2021-05-30 ",Never
662,mansour.eth,mansour.eth,Solo Stakers,32,32,1,8.351291985964939e-7,0,0,0,3.3910382099999996," 2022-02-19 ",Never
663,mattsullivan.eth,mattsullivan.eth,Solo Stakers,32,32,1,8.351291985964939e-7,0,0,0,0," 2021-07-22 ",Never
664,gdon.eth,gdon.eth,Solo Stakers,32,32,1,8.351291985964939e-7,0,0,0,5.7648888959999995," 2020-12-30 ",Never
665,cipio.eth,cipio.eth,Solo Stakers,32,32,1,8.351291985964939e-7,0,0,0,6.846458022," 2020-11-16 ",Never
666,yihsiu.eth,yihsiu.eth,Solo Stakers,32,32,1,8.351291985964939e-7,0,0,0,0," 2021-01-16 ",Never
667,anomar.eth,anomar.eth,Solo Stakers,32,32,1,8.351291985964939e-7,0,0,0,6.308744067," 2021-02-11 ",Never
668,mcmike313.eth,mcmike313.eth,Solo Stakers,32,32,1,8.351291985964939e-7,0,0,0,7.386266155," 2020-11-04 ",Never
669,deadzed.eth,deadzed.eth,Solo Stakers,32,32,1,8.351291985964939e-7,0,0,0,6.2268827049999995," 2021-05-21 ",Never
670,lochuan.eth,lochuan.eth,Solo Stakers,32,32,1,8.351291985964939e-7,0,0,0,6.109735618999999," 2020-11-06 ",Never
671,jsying.eth,jsying.eth,Solo Stakers,32,32,1,8.351291985964939e-7,0,0,0,2.643343647000001," 2023-04-17 ",Never
672,twix.eth,twix.eth,Solo Stakers,32,32,1,8.351291985964939e-7,0,0,0,3.806055228," 2022-01-20 ",Never
673,investoregg.eth,investoregg.eth,Solo Stakers,32,32,1,8.351291985964939e-7,0,0,0,0," 2021-07-04 ",Never
674,nirro.eth,nirro.eth,Solo Stakers,32,32,1,8.351291985964939e-7,0,0,0,8.334437208999999," 2023-08-17 "," 2025-02-08 "
675,tamastorok.eth,tamastorok.eth,Solo Stakers,32,32,1,8.351291985964939e-7,0,0,0,5.446679837," 2021-07-27 ",Never
676,vault10.eth,vault10.eth,Solo Stakers,27,27,0.84375,7.046402613157917e-7,0,0,Infinity,27.756944776," 2025-10-05 "," 2025-12-24 "
677,<a href='https://x.com/benchodroff' target='_blank'>benjaminchodroff.eth</a>,benjaminchodroff.eth,Solo Stakers,24.25,24.25,0.7578125,6.328713458114055e-7,0,-0.949,1.156,77.63262527400003," 2025-10-01 "," 2026-03-09 "
678,siegenthaler.eth,siegenthaler.eth,Solo Stakers,12.634000000000004,12.634000000000004,0.3948125000000001,3.2971944672087837e-7,0,-0.695,-0.803,61.427911029," 2022-08-30 "," 2026-02-26 "
679,8994.eth,8994.eth,Solo Stakers,10.014378864000001,10.014378864000001,0.31294933950000003,2.6135313109793715e-7,0,0,0,12.580336522," 2025-06-13 "," 2025-08-22 "
680,samcm.eth,samcm.eth,Solo Stakers,6.719000000000001,6.719000000000001,0.20996875000000004,1.753510339178076e-7,0,0,-0.897,12.100583309999998," 2025-10-03 "," 2026-01-18 "
681,dcposch.eth,dcposch.eth,Solo Stakers,5.089303379999961,5.089303379999961,0.1590407306249988,1.3281955791105612e-7,0,-0,-0.993,100.42547744299999," 2021-03-12 "," 2025-12-25 "
682,matilote.eth,matilote.eth,Solo Stakers,5,5,0.15625,1.3048893728070217e-7,0,0,-0.848,7.7426396399999975," 2025-10-03 "," 2025-12-17 "
683,vugman.eth,vugman.eth,Solo Stakers,2.5035773630000016,2.5035773630000016,0.07823679259375005,6.533782989957858e-8,0,0,0,0," 2021-08-24 "," 2025-06-06 "
684,<a href='https://x.com/HTX_Global' target='_blank'>HTX</a>,HTX,CEXs,2.1486628650000057,2.1486628650000057,0.06714571453125018,5.607534676567192e-8,0,0,-1,13166.749595091993," 2025-07-22 "," 2025-12-27 "
685,<a href='https://x.com/etherscan.io/address/0x0f5b2f0d89f66b163e5e8e2ccf4de706c53a5060' target='_blank'>Cluster 0x0f5b</a>,Cluster 0x0f5b,Unidentified,2.141253593000272,2.141253593000272,0.0669141747812585,5.588198115981813e-8,0,-0,-0.999,390.6326662279998," 2024-05-05 "," 2025-12-28 "
686,danielreynolds.eth,danielreynolds.eth,Solo Stakers,2,2,0.0625,5.219557491228087e-8,0,0,0,7.206495688999997," 2023-04-19 "," 2023-09-06 "
687,👻👻👻👻👻👻.eth,👻👻👻👻👻👻.eth,Solo Stakers,1.7032864350000025,1.7032864350000025,0.05322770109375008,4.445200735755723e-8,0,0,0,17.48567406," 2021-07-29 "," 2025-05-09 "
688,buonarroti.eth,buonarroti.eth,Solo Stakers,1.2665766520000012,1.2665766520000012,0.03958052037500004,3.305484826080598e-8,0,0,-0.96,1.599284814," 2020-11-24 "," 2025-12-25 "
689,zhengyabin.eth,zhengyabin.eth,Solo Stakers,1.0682366350000052,1.0682366350000052,0.03338239484375016,2.7878612653092806e-8,0,0,0,14.783462372999997," 2023-08-15 "," 2025-08-14 "
690,elletian.eth,elletian.eth,Solo Stakers,1.0629374749999982,1.0629374749999982,0.033216796093749945,2.774031630171654e-8,0,0,0,4.787436731," 2020-11-23 "," 2023-09-24 "
691,labdog.eth,labdog.eth,Solo Stakers,1.0568519199999997,1.0568519199999997,0.03302662249999999,2.7581496780773927e-8,0,0,0,0.9982526860000023," 2023-12-03 "," 2024-03-03 "
692,<a href='https://x.com/Tetranode' target='_blank'>Tetranode</a>,Tetranode,Solo Stakers,0.7864715740000037,0.7864715740000037,0.024577236687500115,2.052516797854832e-8,0,-0,0,43.57362967600002," 2020-11-21 "," 2024-05-04 "
693,dimsome.eth,dimsome.eth,Solo Stakers,0.7613227100000017,0.7613227100000017,0.023791334687500054,1.9868838271112888e-8,0,0,0,22.552209944999994," 2021-05-21 "," 2025-09-20 "
694,zenginoglu.eth,zenginoglu.eth,Solo Stakers,0.6412085989999987,0.6412085989999987,0.02003776871874996,1.6734125731751548e-8,0,0,0,3.790992161," 2021-07-10 "," 2025-08-02 "
,↘️ <a href='https://x.com/mevdotio' target='_blank'>MEV Protocol</a> (w/ <a href='https://x.com/Kiln_finance' target='_blank'>Kiln</a>),MEV Protocol,Liquid Staking,0,0.636447251000277,0.019888976593758656,1.660986508365013e-8,0,0,0,489.662610777," 2023-07-21 "," 2025-05-02 "
695,<a href='https://x.com/CelsiusNetwork' target='_blank'>Celsius</a>,Celsius,Staking Pools,0.6289593450019311,0.6289593450019311,0.019654979531310346,1.6414447304413703e-8,0,0,0,11842.641088405042," 2022-04-22 "," 2024-01-09 "
696,onizuka.eth,onizuka.eth,Solo Stakers,0.5205569720000014,0.5205569720000014,0.016267405375000044,1.3585385214068085e-8,0,-0.984,-0.984,4.067138433999999," 2020-11-24 "," 2026-03-11 "
697,madoff.eth,madoff.eth,Solo Stakers,0.5163601699999987,0.5163601699999987,0.01613625531249996,1.3475857967476508e-8,0,0,0,10.760309405000001," 2021-02-13 "," 2023-05-03 "
698,mystic8.eth,mystic8.eth,Solo Stakers,0.5093343680000011,0.5093343680000011,0.015916699000000034,1.3292500080171645e-8,0,0,0,0," 2020-12-21 "," 2025-01-08 "
699,zeusolympian.eth,zeusolympian.eth,Solo Stakers,0.36257236699999495,0.36257236699999495,0.011330386468749842,9.462336571435614e-9,-0,-0,-0,3.2739561240000006," 2022-07-25 "," 2025-08-03 "
700,plamarque.eth,plamarque.eth,Solo Stakers,0.35158922600000153,0.35158922600000153,0.010987163312500048,9.175700892016964e-9,0,0,0,0," 2020-11-10 "," 2023-04-15 "
701,smidge.eth,smidge.eth,Solo Stakers,0.3491468359999885,0.3491468359999885,0.010910838624999641,9.111959916911623e-9,0,-0,-1,143.12336518400002," 2023-04-20 "," 2026-01-02 "
702,orcaplatforms.eth,orcaplatforms.eth,Solo Stakers,0.3356818070000358,0.3356818070000358,0.010490056468751119,8.760552451980089e-9,0,0,0,75.031191814," 2020-12-08 "," 2023-10-23 "
703,<a href='https://x.com/Node_DAO' target='_blank'>Node DAO</a>,Node DAO,Liquid Staking,0.3046797939999806,0.3046797939999806,0.009521243562499393,7.951468505992144e-9,-0,-0,-0.999,607.1613496889997," 2024-03-01 "," 2026-01-13 "
704,kida.eth,kida.eth,Solo Stakers,0.2804582199999892,0.2804582199999892,0.008764319374999663,7.319339015887193e-9,-0,0,0,4.813313078," 2021-02-16 "," 2023-08-16 "
705,leoglisic.eth,leoglisic.eth,Solo Stakers,0.28004207200001474,0.28004207200001474,0.00875131475000046,7.308478473833561e-9,0,-0.991,-0.991,141.92170815699998," 2021-01-04 "," 2026-03-02 "
706,eav.eth,eav.eth,Solo Stakers,0.2530091100000007,0.2530091100000007,0.007906534687500022,6.602977977247274e-9,0,0,0,0," 2021-01-27 "," 2024-08-02 "
707,bok.eth,bok.eth,Solo Stakers,0.22017817400000084,0.22017817400000084,0.006880567937500026,5.746163187533128e-9,0,-0,0,65.477710716," 2020-12-16 "," 2025-08-31 "
708,<a href='https://x.com/bake_io' target='_blank'>Bake</a>,Bake,Staking Pools,0.21793303399999786,0.21793303399999786,0.006810407312499933,5.687570001003771e-9,0,-0,0,992.9940900820001," 2024-03-11 "," 2025-03-16 "
709,gunninginc.eth,gunninginc.eth,Solo Stakers,0.1999489450000027,0.1999489450000027,0.006248404531250085,5.218225068689585e-9,0,0,-0,64.72977733100001," 2023-04-17 "," 2025-08-22 "
710,<a href='https://x.com/CopperHQ' target='_blank'>Copper.co</a>,Copper.co,Staking Pools,0.15778630199997679,0.15778630199997679,0.0049308219374992746,4.117873373085781e-9,-0,0,-0,379.13527083399987," 2025-02-03 "," 2025-03-09 "
711,jcrouch.eth,jcrouch.eth,Solo Stakers,0.13433396499999972,0.13433396499999972,0.004197936406249991,3.505819266710601e-9,0,0,0,1.109756431," 2023-05-19 "," 2025-02-17 "
712,ston.eth,ston.eth,Solo Stakers,0.1340788979999985,0.1340788979999985,0.004189965562499953,3.4991625823574938e-9,0,0,-0.996,5.302221578000001," 2020-12-03 "," 2026-01-02 "
713,kostafun.eth,kostafun.eth,Solo Stakers,0.11553942000000106,0.11553942000000106,0.003610606875000033,3.015323225965769e-9,0,0,-0.996,6.474710903999998," 2020-11-24 "," 2025-12-25 "
714,kev.eth,kev.eth,Solo Stakers,0.11165791699999872,0.11165791699999872,0.00348930990624996,2.9140245856613366e-9,0,0,0,3.4428621169999998," 2020-11-23 "," 2023-04-28 "
715,cryptodubs.eth,cryptodubs.eth,Solo Stakers,0.10447980000000712,0.10447980000000712,0.0032649937500002224,2.7266916138602474e-9,0,0,-0.999,32.412657303," 2020-11-16 "," 2026-01-11 "
716,wzht.eth,wzht.eth,Solo Stakers,0.10367283999999444,0.10367283999999444,0.003239776249999826,2.705631743294309e-9,-0,-0,-0,10.443085649999999," 2021-05-08 "," 2024-03-31 "
717,alexmelville.eth,alexmelville.eth,Solo Stakers,0.09739100699999881,0.09739100699999881,0.0030434689687499628,2.5416898008254544e-9,0,0,-0,2.3036592519999997," 2024-04-25 "," 2025-06-11 "
718,0xbd1.eth,0xbd1.eth,Solo Stakers,0.09150985699999836,0.09150985699999836,0.002859683031249949,2.3882047981277623e-9,0,0,-0.997,6.760089629," 2020-11-24 "," 2026-01-19 "
719,jwpe.eth,jwpe.eth,Solo Stakers,0.09004893999999908,0.09004893999999908,0.002814029374999971,2.3500780967707188e-9,0,0,0,4.232413023000001," 2020-11-22 "," 2023-10-01 "
720,razumoff.eth,razumoff.eth,Solo Stakers,0.08557687900001198,0.08557687900001198,0.0026742774687503745,2.2333671993021607e-9,-0,0,0,29.415985249999995," 2021-07-08 "," 2024-03-05 "
721,bridgs.eth,bridgs.eth,Solo Stakers,0.07513660900000119,0.07513660900000119,0.002348019031250037,1.9608992518571593e-9,0,0,0,4.015938602," 2021-07-13 "," 2024-07-24 "
722,spyr0.eth,spyr0.eth,Solo Stakers,0.06678989899999976,0.06678989899999976,0.0020871843437499926,1.7430685883190805e-9,0,0,0,5.526024556000001," 2020-12-02 "," 2024-11-03 "
723,yallow.eth,yallow.eth,Solo Stakers,0.06339528000000172,0.06339528000000172,0.0019811025000000537,1.6544765431625555e-9,0,0,-0.998,4.195941147," 2021-07-06 "," 2025-11-20 "
724,chrisw.eth,chrisw.eth,Solo Stakers,0.06300782299999952,0.06300782299999952,0.001968994468749985,1.6443647727281042e-9,0,0,-0.998,4.4155223769999985," 2021-09-18 "," 2026-01-03 "
725,edgarselzer.eth,edgarselzer.eth,Solo Stakers,0.06282068000000152,0.06282068000000152,0.0019631462500000474,1.639480754490252e-9,0,0,-0.998,2.745700998," 2022-06-06 "," 2025-11-03 "
726,0x3492.eth,0x3492.eth,Solo Stakers,0.06259097999999952,0.06259097999999952,0.001955968124999985,1.6334860927115244e-9,0,-0,-0,1.459922341," 2023-09-02 "," 2023-12-19 "
727,slais.eth,slais.eth,Solo Stakers,0.0552298800000095,0.0552298800000095,0.001725933750000297,1.4413776694683894e-9,0,0,-1,15.845338556999998," 2021-05-06 "," 2026-01-02 "
728,snowpea.eth,snowpea.eth,Solo Stakers,0.05503991999999869,0.05503991999999869,0.001719997499999959,1.4364201337629387e-9,0,0,-0.998,6.310564558999999," 2020-11-23 "," 2025-11-29 "
729,raino.eth,raino.eth,Solo Stakers,0.05465919399999919,0.05465919399999919,0.0017080998124999747,1.4264840275359253e-9,0,0,0,3.981995571," 2021-03-19 "," 2023-11-22 "
730,trustgarage.eth,trustgarage.eth,Solo Stakers,0.05448088700000042,0.05448088700000042,0.0017025277187500132,1.4218306093480155e-9,0,0,0,3.418807052," 2021-01-14 "," 2025-01-18 "
731,n1co.eth,n1co.eth,Solo Stakers,0.05265973799999912,0.05265973799999912,0.0016456168124999726,1.3743026498200189e-9,0,0,0,3.2675510849999996," 2021-07-30 "," 2024-08-02 "
732,derekbeard.eth,derekbeard.eth,Solo Stakers,0.05237277000000162,0.05237277000000162,0.0016366490625000507,1.3668134199493704e-9,0,0,0,0.5909224279999998," 2022-08-23 "," 2024-01-25 "
733,ketterer.eth,ketterer.eth,Solo Stakers,0.05203811000000158,0.05203811000000158,0.0016261909375000494,1.3580795343992973e-9,0,0,0,2.1477892450000002," 2022-01-31 "," 2023-12-01 "
734,nries.eth,nries.eth,Solo Stakers,0.05123801999998889,0.05123801999998889,0.001601188124999653,1.3371989556331829e-9,-0,0,0,14.408033392," 2023-04-17 "," 2025-01-27 "
735,privato.eth,privato.eth,Solo Stakers,0.045852400000001126,0.045852400000001126,0.0014328875000000352,1.1966461895539631e-9,0,0,0,6.949442146000002," 2024-07-05 "," 2025-04-17 "
736,rossmoody.eth,rossmoody.eth,Solo Stakers,0.04484716000000333,0.04484716000000333,0.001401473750000104,1.17041164969161e-9,0,0,0,7.6800465189999985," 2021-05-08 "," 2024-08-11 "
737,gillard.eth,gillard.eth,Solo Stakers,0.04473876000000132,0.04473876000000132,0.0013980862500000413,1.1675826495313118e-9,0,0,0,9.999931116," 2020-12-15 "," 2024-08-11 "
738,kosta.eth,kosta.eth,Solo Stakers,0.04467682900000014,0.04467682900000014,0.0013961509062500044,1.165966387456335e-9,0,0,-0.999,5.989362726," 2020-11-23 "," 2026-01-28 "
739,0xsingularity.eth,0xsingularity.eth,Solo Stakers,0.04349286000000063,0.04349286000000063,0.0013591518750000198,1.1350674161396887e-9,0,0,0,3.263585183," 2020-11-23 "," 2023-05-07 "
740,punk0x.eth,punk0x.eth,Solo Stakers,0.04202775999999986,0.04202775999999986,0.0013133674999999956,1.096831547737677e-9,0,0,-0.999,4.666272135000001," 2023-05-11 "," 2026-01-12 "
741,benbowden.eth,benbowden.eth,Solo Stakers,0.031749454999996374,0.031749454999996374,0.0009921704687498867,8.285905284382006e-10,-0,0,-0.999,3.1678897409999998," 2023-10-18 "," 2026-02-16 "
742,skram.eth,skram.eth,Solo Stakers,0.029764199999998908,0.029764199999998908,0.0009301312499999659,7.767797654020267e-10,0,0,-0.999,6.271135131999999," 2020-11-25 "," 2026-01-02 "
743,cybersurgeon.eth,cybersurgeon.eth,Solo Stakers,0.02951965400000134,0.02951965400000134,0.0009224891875000418,7.703976558708408e-10,0,0,0,1.0651121650000002," 2021-07-22 "," 2023-05-13 "
744,knirck.eth,knirck.eth,Solo Stakers,0.029266320999994377,0.029266320999994377,0.0009145725312498243,7.637862250810326e-10,-0,0,-1,20.967310315000002," 2020-11-27 "," 2025-12-07 "
745,claytonw.eth,claytonw.eth,Solo Stakers,0.02880780599999966,0.02880780599999966,0.0009002439374999893,7.518199980657183e-10,0,0,0,1.98548644," 2022-09-07 "," 2025-05-29 "
746,defison.eth,defison.eth,Solo Stakers,0.02745459100000147,0.02745459100000147,0.000857955968750046,7.165040806133045e-10,0,0,0,1.613687068," 2023-02-27 "," 2025-04-03 "
747,laika.eth,laika.eth,Solo Stakers,0.024657641000001007,0.024657641000001007,0.0007705512812500315,6.435098739878403e-10,0,0,-0.999,5.637468919," 2021-05-23 "," 2025-12-25 "
748,1rvin.eth,1rvin.eth,Solo Stakers,0.02252431999999871,0.02252431999999871,0.0007038849999999597,5.878349159540595e-10,0,0,0,5.247942589999999," 2021-05-13 "," 2025-09-09 "
749,lennonwalls.eth,lennonwalls.eth,Solo Stakers,0.021138713999999226,0.021138713999999226,0.0006605848124999758,5.5167366506812e-10,0,0,0,4.241441951," 2021-03-03 "," 2024-08-11 "
750,bcuff.eth,bcuff.eth,Solo Stakers,0.020334230999999647,0.020334230999999647,0.000635444718749989,5.306784387220527e-10,0,0,0,3.796001895," 2021-05-22 "," 2024-04-09 "
751,beastgrip.eth,beastgrip.eth,Solo Stakers,0.019806800000001346,0.019806800000001346,0.000618962500000042,5.169136565863175e-10,0,0,0,0.130177471," 2021-01-16 "," 2025-09-18 "
752,ktmkancha.eth,ktmkancha.eth,Solo Stakers,0.01949550799999855,0.01949550799999855,0.0006092346249999547,5.087896241334477e-10,0,0,0,6.309099140999999," 2020-11-10 "," 2025-08-21 "
753,0xjasper.eth,0xjasper.eth,Solo Stakers,0.01759415700000133,0.01759415700000133,0.0005498174062500416,4.591685698560002e-10,0,0,0,0.8329498789999998," 2022-11-28 "," 2023-08-18 "
754,drik.eth,drik.eth,Solo Stakers,0.017124299999998982,0.017124299999998982,0.0005351343749999682,4.469063417351591e-10,0,0,0,3.887637747," 2020-11-29 "," 2023-04-28 "
755,zhough.eth,zhough.eth,Solo Stakers,0.016342019999999735,0.016342019999999735,0.0005106881249999917,4.264905645639892e-10,0,0,0,7.041697052," 2020-11-24 "," 2023-04-28 "
756,<a href='https://x.com/papcrypto' target='_blank'>papcrypto.eth</a>,papcrypto.eth,Solo Stakers,0.014786987000000806,0.014786987000000806,0.0004620933437500252,3.859076438427327e-10,-0,0,-0,7.781594821," 2021-06-23 "," 2023-08-15 "
757,rubus.eth,rubus.eth,Solo Stakers,0.013584959999999313,0.013584959999999313,0.00042452999999997854,3.5453739868015164e-10,0,0,0,4.4959609920000005," 2020-11-30 "," 2023-05-03 "
758,genesisbros.eth,genesisbros.eth,Solo Stakers,0.013112567000000297,0.013112567000000297,0.0004097677187500093,3.422089865704088e-10,0,0,0,3.51752397," 2020-11-24 "," 2023-05-07 "
759,ch4d.eth,ch4d.eth,Solo Stakers,0.012735899999999134,0.012735899999999134,0.00039799687499997294,3.3237881126263637e-10,0,0,0,1.560800771," 2021-08-10 "," 2023-05-08 "
760,0xgeoff.eth,0xgeoff.eth,Solo Stakers,0.012297060000001636,0.012297060000001636,0.00038428312500005113,3.20926058215449e-10,0,0,0,4.210200297," 2020-11-28 "," 2023-05-07 "
761,jiwa.eth,jiwa.eth,Solo Stakers,0.011900839999999135,0.011900839999999135,0.000371901249999973,3.105855928695118e-10,0,0,0,1.669203906," 2021-03-10 "," 2024-06-27 "
762,kadue.eth,kadue.eth,Solo Stakers,0.011734200000002915,0.011734200000002915,0.0003666937500000911,3.0623665756791915e-10,0,-0,-0,7.722766248," 2020-12-14 "," 2023-05-07 "
763,combinations.eth,combinations.eth,Solo Stakers,0.010815006000001404,0.010815006000001404,0.00033796893750004386,2.822477279249202e-10,0,-0,0,193.72520774599997," 2020-11-23 "," 2025-07-23 "
764,gazzini.eth,gazzini.eth,Solo Stakers,0.010665719999998657,0.010665719999998657,0.00033330374999995804,2.7835169362667114e-10,0,0,0,2.80975253," 2021-01-15 "," 2023-05-07 "
765,reallygamble.eth,reallygamble.eth,Solo Stakers,0.010105508999998847,0.010105508999998847,0.00031579715624996396,2.637314260180842e-10,0,0,0,0.6743262180000025," 2023-12-12 "," 2024-06-15 "
766,cryptobiot.eth,cryptobiot.eth,Solo Stakers,0.008244218000001524,0.008244218000001524,0.00025763181250004763,2.1515584910612697e-10,0,0,0,5.043138643," 2020-11-24 "," 2023-12-15 "
767,const.eth,const.eth,Solo Stakers,0.008059950999999899,0.008059950999999899,0.00025187346874999683,2.1034688810490391e-10,0,0,0,4.552876255," 2020-12-01 "," 2024-02-08 "
768,drinkywinky.eth,drinkywinky.eth,Solo Stakers,0.007198358000000127,0.007198358000000127,0.00022494868750000396,1.8786121711721145e-10,0,0,0,6.081264567000001," 2022-07-23 "," 2025-09-10 "
769,rithi.eth,rithi.eth,Solo Stakers,0.007091879999997275,0.007091879999997275,0.00022162124999991484,1.850823769043821e-10,0,0,-1,12.62746944," 2020-11-24 "," 2026-01-11 "
770,liamt.eth,liamt.eth,Solo Stakers,0.006003251999999293,0.006003251999999293,0.0001876016249999779,1.5667159474163152e-10,0,0,0,4.476141748999999," 2021-05-16 "," 2025-01-18 "
771,sathaxe.eth,sathaxe.eth,Solo Stakers,0.005732003999998625,0.005732003999998625,0.00017912512499995703,1.4959262208971092e-10,0,0,0,4.374001715," 2020-12-08 "," 2024-06-18 "
772,Ethereum Hive,Ethereum Hive,Staking Pools,0.004228352999994911,0.004228352999994911,0.00013213603124984097,1.1035065788340096e-10,0,-0,-0,13.770026099," 2023-03-05 "," 2023-11-02 "
773,mattyreed.eth,mattyreed.eth,Solo Stakers,0.004075651000000846,0.004075651000000846,0.00012736409375002644,1.063654735434283e-10,0,0,0,9.971276349000002," 2020-12-21 "," 2024-08-30 "
774,griet.eth,griet.eth,Solo Stakers,0.0031527159999988896,0.0031527159999988896,0.0000985223749999653,8.227891207754427e-11,0,0,0,3.702888765," 2021-08-19 "," 2025-06-16 "
775,neelfirst.eth,neelfirst.eth,Solo Stakers,0.0027509220000005996,0.0027509220000005996,0.00008596631250001874,7.17929776644364e-11,0,0,0,3.5499329980000005," 2021-05-12 "," 2024-01-16 "
776,vocet.eth,vocet.eth,Solo Stakers,0.002185081000000366,0.002185081000000366,0.00006828378125001144,5.702577951246036e-11,0,0,0,0.583664084," 2022-10-27 "," 2023-07-31 "
777,binary.eth,binary.eth,Solo Stakers,0.0021631040000009705,0.0021631040000009705,0.00006759700000003033,5.645222843755253e-11,0,0,0,5.231167868000001," 2020-11-04 "," 2024-03-22 "
778,q9f.eth,q9f.eth,Solo Stakers,0.0020949600000008672,0.0020949600000008672,0.0000654675000000271,5.46738208091386e-11,0,0,0,1.415150332," 2023-09-29 "," 2025-02-09 "
779,<a href='https://x.com/Achap5dk' target='_blank'>Alex Chapman</a>,Alex Chapman,Solo Stakers,0.0020495999999923242,0.0020495999999923242,0.00006404999999976013,5.349002516990512e-11,0,0,-0,13.802675926999996," 2021-05-25 "," 2023-04-16 "
780,evant.eth,evant.eth,Solo Stakers,0.0020482680000029063,0.0020482680000029063,0.00006400837500009082,5.345526291728971e-11,0,0,0,6.762490211000001," 2021-07-20 "," 2023-10-09 "
781,𓂸𓂸𓂸𓂸𓂸.eth,𓂸𓂸𓂸𓂸𓂸.eth,Solo Stakers,0.0016746400000009487,0.0016746400000009487,0.00005233250000002965,4.370439878557578e-11,0,0,0,2.306850864," 2020-11-29 "," 2025-04-30 "
782,epaul.eth,epaul.eth,Solo Stakers,0.0008935090000008472,0.0008935090000008472,0.000027922156250026475,2.3318607972170695e-11,0,0,-1,11.945934372," 2021-03-20 "," 2025-11-29 "
783,ziver.eth,ziver.eth,Solo Stakers,0.0008445600000044351,0.0008445600000044351,0.000026392500000138597,2.2041147374073713e-11,0,0,0,10.955483501999998," 2021-05-15 "," 2023-10-08 "
784,aichairman.eth,aichairman.eth,Solo Stakers,0.0007728990000011038,0.0007728990000011038,0.000024153093750034493,2.0170953827092292e-11,0,0,0,3.761710021," 2020-12-01 "," 2023-05-12 "
785,defidroid.eth,defidroid.eth,Solo Stakers,0.0006677999999986639,0.0006677999999986639,0.000020868749999958247,1.7428102463175714e-11,0,-0,0,5.0017744340000005," 2023-05-12 "," 2025-01-11 "
786,michaelbryan.eth,michaelbryan.eth,Solo Stakers,0.0005382129999986773,0.0005382129999986773,0.000016819156249958667,1.4046168480097194e-11,0,0,0,3.005502259," 2020-11-24 "," 2024-01-16 "
787,speed.eth,speed.eth,Solo Stakers,0.00043067900000437476,0.00043067900000437476,0.000013458718750136711,1.1239769003937278e-11,0,-0,0,93.49641084199997," 2024-07-31 "," 2025-01-01 "
788,wzhao.eth,wzhao.eth,Solo Stakers,0.00031489699999553977,0.00031489699999553977,0.000009840531249860618,8.218114976459853e-12,0,0,0,5.738248620999997," 2024-03-08 "," 2025-09-04 "
789,rocketstaker.eth,rocketstaker.eth,Solo Stakers,0.00015318000000164034,0.00015318000000164034,0.0000047868750000512605,3.997659082574401e-12,0,0,-1,0.934869268," 2020-11-15 "," 2026-02-13 "
790,hodlmachine.eth,hodlmachine.eth,Solo Stakers,0.00008073500000094214,0.00008073500000094214,0.0000025229687500294418,2.1070048702960858e-12,0,0,0,1.0681104399999999," 2022-09-02 "," 2024-07-16 "
791,sparekonto.eth,sparekonto.eth,Solo Stakers,0.00000834100000091098,0.00000834100000091098,2.6065625002846815e-7,2.1768164519544196e-13,0,0,-1,3.7835236260000005," 2022-07-17 "," 2026-01-12 "
,Unidentified,Unidentified,Unidentified,11396102.511657104,11396102.511657104,356128.2034892845,0.2974130611776153,-0.001,-0.007,0.365,718114.1458769727," 2026-03-22 "," 2026-03-23 "
